timestamp,linear_x,angular_z,enc_left,enc_right,odom_x,odom_y,odom_yaw
1773535149.298425,0.0,0.0,0,0,0.0,0.0,0.0
1773535149.318335,0.0,0.0,0,0,0.0,0.0,0.0
1773535149.3383467,0.0,0.0,0,0,0.0,0.0,0.0
1773535149.3583665,0.0,0.0,0,0,0.0,0.0,0.0
1773535149.3783572,0.0,0.0,0,0,0.0,0.0,0.0
1773535149.3983967,0.0,0.0,0,0,0.0,0.0,0.0
1773535149.418382,0.0,0.0,0,0,0.0,0.0,0.0
1773535149.4384165,0.0,0.0,0,0,0.0,0.0,0.0
1773535149.4583466,0.0,0.0,0,0,0.0,0.0,0.0
1773535149.4783385,0.0,0.0,0,0,0.0,0.0,0.0
1773535149.4983416,0.0,0.0,0,0,0.0,0.0,0.0
1773535149.5183768,0.0,0.0,0,0,0.0,0.0,0.0
1773535149.5383463,0.0,0.0,0,0,0.0,0.0,0.0
1773535149.5583735,0.0,0.0,0,0,0.0,0.0,0.0
1773535149.5783725,0.0,0.0,0,0,0.0,0.0,0.0
1773535149.5983546,0.0,0.0,0,0,0.0,0.0,0.0
1773535149.6183627,0.0,0.0,0,0,0.0,0.0,0.0
1773535149.6384332,0.0,0.0,0,0,0.0,0.0,0.0
1773535149.658381,0.0,0.0,0,0,0.0,0.0,0.0
1773535149.6783655,0.0,0.0,0,0,0.0,0.0,0.0
1773535149.6983457,0.0,0.0,0,0,0.0,0.0,0.0
1773535149.718345,0.0,0.0,0,0,0.0,0.0,0.0
1773535149.738332,0.0,0.0,0,0,0.0,0.0,0.0
1773535149.7583425,0.0,0.0,0,0,0.0,0.0,0.0
1773535149.7783663,0.0,0.0,0,0,0.0,0.0,0.0
1773535149.7983475,0.0,0.0,0,0,0.0,0.0,0.0
1773535149.8183496,0.0,0.0,0,0,0.0,0.0,0.0
1773535149.8383667,0.0,0.0,0,0,0.0,0.0,0.0
1773535149.8583388,0.0,0.0,0,0,0.0,0.0,0.0
1773535149.8783274,0.0,0.0,0,0,0.0,0.0,0.0
1773535149.898347,0.0,0.0,0,0,0.0,0.0,0.0
1773535149.91836,0.0,0.0,0,0,0.0,0.0,0.0
1773535149.9383762,0.0,0.0,0,0,0.0,0.0,0.0
1773535149.95833,0.0,0.0,0,0,0.0,0.0,0.0
1773535149.9783437,0.0,0.0,0,0,0.0,0.0,0.0
1773535149.998382,0.0,0.0,0,0,0.0,0.0,0.0
1773535150.018355,0.0,0.0,0,0,0.0,0.0,0.0
1773535150.0383575,0.0,0.0,0,0,0.0,0.0,0.0
1773535150.0583923,0.0,0.0,0,0,0.0,0.0,0.0
1773535150.0783415,0.0,0.0,0,0,0.0,0.0,0.0
1773535150.0983477,0.0,0.0,0,0,0.0,0.0,0.0
1773535150.1183658,0.0,0.0,0,0,0.0,0.0,0.0
1773535150.1383402,0.0,0.0,0,0,0.0,0.0,0.0
1773535150.1583343,0.0,0.0,0,0,0.0,0.0,0.0
1773535150.1783392,0.0,0.0,0,0,0.0,0.0,0.0
1773535150.1983907,0.0,0.0,0,0,0.0,0.0,0.0
1773535150.21838,0.05777636170387268,0.0,0,0,0.0,0.0,0.0
1773535150.238349,0.10318470001220703,0.0,0,0,0.0,0.0,0.0
1773535150.2583847,0.21051347255706787,0.0,1,1,0.0006076937723825509,0.0,0.0
1773535150.2783546,0.2270255982875824,0.0,3,4,0.0021269264500870856,2.3080723683364234e-06,0.0030384688619127537
1773535150.2984862,0.2270255982875824,0.0,7,8,0.0045576903188119695,9.693895423494446e-06,0.0030384688619127537
1773535150.318433,0.37150663137435913,0.0,12,13,0.0075961451547180755,1.8926174242441976e-05,0.0030384688619127537
1773535150.33845,0.4292990565299988,0.0,17,19,0.010938426188489035,3.415940499413749e-05,0.006076937723825507
1773535150.3584416,0.5087644336745143,0.0,24,26,0.015192204049710946,6.0009666358137696e-05,0.006076937723825507
1773535150.3783653,0.5376606434583664,0.0,32,34,0.020053664462535988,8.955282220270936e-05,0.006076937723825507
1773535150.3984494,0.5376606434583664,0.0,42,45,0.026434264981959072,0.0001380218944541358,0.00911540658573826
1773535150.4184246,0.5417886711657047,0.0,53,57,0.03342234818504148,0.00021234045243521157,0.012153875447651011
1773535150.4383676,0.5376606434583664,0.0,66,70,0.04132178375087161,0.0003083539360535598,0.012153875447651011
1773535150.4584148,0.5376606434583664,0.0,80,84,0.04982886820638098,0.00041175307225793477,0.012153875447651011
1773535150.4784517,0.5335326120257378,0.0,94,98,0.05833595266189035,0.0005151522084623098,0.012153875447651011
1773535150.4984524,0.5335326120257378,0.0,108,113,0.06714668869639559,0.0006356298783918569,0.01519234430956376
1773535150.5184455,0.5170204937458038,0.0,123,128,0.07626104335105888,0.0007741089466233792,0.01519234430956376
1773535150.5384355,0.5170204937458038,0.0,138,143,0.08537539800572216,0.0009125880148549015,0.01519234430956376
1773535150.5584767,0.5170204937458038,0.0,153,158,0.09448975266038545,0.0010510670830864237,0.01519234430956376
1773535150.578447,0.5046364041045308,0.0,168,173,0.10360410731504874,0.001189546151317946,0.01519234430956376
1773535150.5984108,0.5046364041045308,0.0,183,188,0.11271846196971202,0.001328025219549468,0.01519234430956376
1773535150.6184092,0.5046364041045308,0.0,197,203,0.12152879126551476,0.0014752734392350839,0.01823081317147651
1773535150.6383934,0.5005083741270937,0.0,212,218,0.13064268308332455,0.0016414455084293746,0.01823081317147651
1773535150.6584506,0.5046364041045308,0.0,226,233,0.13945252430094568,0.0018154629184333935,0.021269282033389257
1773535150.6784139,0.5046364041045308,0.0,240,248,0.14826179610541215,0.0020162479121773307,0.024307750895302006
1773535150.6983812,0.5046364041045308,0.0,255,262,0.15707106790987863,0.002217032905921268,0.021269282033389257
1773535150.718395,0.5046364041045308,0.0,269,277,0.1658803397143451,0.0024178178996652052,0.024307750895302006
1773535150.7383866,0.5046364041045308,0.0,283,291,0.17438553918913324,0.002624600898483987,0.024307750895302006
1773535150.7583575,0.5046364041045308,0.0,297,306,0.183194160250729,0.0028521516222633717,0.027346219757214754
1773535150.778395,0.5046364041045308,0.0,311,321,0.1920020492457458,0.0031064659752648603,0.030384688619127503
1773535150.7983816,0.5046364041045308,0.0,325,335,0.20050583507635772,0.0033649304053529686,0.030384688619127503
1773535150.8184452,0.5046364041045308,0.0,339,349,0.20900962090696965,0.003623394835441077,0.030384688619127503
1773535150.8384168,0.5046364041045308,0.0,352,363,0.2172093119935277,0.0038850859432569677,0.03342315748104026
1773535150.8584585,0.5046364041045308,0.0,366,377,0.2257122732345342,0.004169387628932941,0.03342315748104026
1773535150.8783686,0.5005083741270937,0.0,380,392,0.23451845415305378,0.004477221949602374,0.03646162634295301
1773535150.898407,0.5005083741270937,0.0,394,406,0.24302051230268548,0.004787358266111762,0.03646162634295301
1773535150.9184794,0.5005083741270937,0.0,408,421,0.25182571722705627,0.005121948431115391,0.03950009520486576
1773535150.9384172,0.5005083741270937,0.0,422,435,0.26032679379188145,0.005457916515191045,0.03950009520486576
1773535150.9583766,0.5005083741270937,0.0,436,450,0.26913094142993393,0.0058192594354968,0.042538564066778514
1773535150.9784017,0.5046364041045308,0.0,450,464,0.27763095792558307,0.0061810561853853085,0.042538564066778514
1773535150.9983883,0.5046364041045308,0.0,464,479,0.28643396699490903,0.006569148524972033,0.045577032928691266
1773535151.0184462,0.5046364041045308,0.0,478,494,0.2952357562236117,0.006983986700860285,0.04861550179060402
1773535151.0384438,0.5128924641758204,0.0,492,508,0.3037334171676722,0.007397430523314588,0.04861550179060402
1773535151.0584347,0.5170204937458038,0.0,507,522,0.3125352063963749,0.0078122686992028395,0.045577032928691266
1773535151.0783935,0.5252765528857708,0.0,521,537,0.32133699562507756,0.008227106875091091,0.04861550179060402
1773535151.0983944,0.5294045824557543,0.0,535,551,0.3298346565691381,0.008640550697545393,0.04861550179060402
1773535151.1184554,0.5294045824557543,0.0,549,566,0.3386351446965827,0.009082130879830522,0.05165397065251677
1773535151.1384156,0.5376606434583664,0.0,564,581,0.3477383934287917,0.009552768471673419,0.05165397065251677
1773535151.1583736,0.5417886711657047,0.0,578,595,0.35623475891218676,0.009992030224060122,0.05165397065251677
1773535151.178393,0.5459167025983334,0.0,593,611,0.36564069957096196,0.010492646136767453,0.05469243951442953
1773535151.1983597,0.5459167025983334,0.0,608,626,0.37474247626580576,0.010990941451334252,0.05469243951442953
1773535151.2183797,0.5459167025983334,0.0,623,642,0.3841468524018922,0.011520134666959708,0.05773090837634229
1773535151.238391,0.5459167025983334,0.0,638,657,0.39324707302916595,0.01204608310384559,0.05773090837634229
1773535151.2583723,0.5459167025983334,0.0,654,673,0.40295397503159125,0.012607094769857196,0.05773090837634229
1773535151.278435,0.5459167025983334,0.0,669,688,0.412054195658865,0.013133043206743078,0.05773090837634229
1773535151.2983677,0.5459167025983334,0.0,684,704,0.4214569204483733,0.013690808839623583,0.06076937723825505
1773535151.3183742,0.5459167025983334,0.0,700,720,0.4311620730284958,0.014281311990022107,0.06076937723825505
1773535151.3384144,0.5459167025983334,0.0,715,736,0.44056305966278225,0.01486764489070586,0.0638078461001678
1773535151.35846,0.5459167025983334,0.0,730,751,0.4496599161225412,0.01544888474985416,0.0638078461001678
1773535151.3784013,0.5459167025983334,0.0,746,767,0.4593632296796174,0.01606887393294568,0.0638078461001678
1773535151.3983727,0.5459167025983334,0.0,761,783,0.46876239136608544,0.0166837686882397,0.06684631496208056
1773535151.4184058,0.5459167025983334,0.0,776,798,0.4778574397569586,0.01729264633686511,0.06684631496208056
1773535151.4384139,0.550044734030962,0.0,791,814,0.4872546897198601,0.0179360972698852,0.06988478382399331
1773535151.4583783,0.5541727617383003,0.0,806,829,0.4963478460737603,0.01857260708665518,0.06988478382399331
1773535151.4784272,0.5541727617383003,0.0,821,845,0.5057430975549968,0.019244608256878352,0.07292325268590606
1773535151.4984155,0.5789409428834915,0.0,837,861,0.5154403566123918,0.019953020105917214,0.07292325268590606
1773535151.5183883,0.5871969982981682,0.0,853,877,0.5251376156697869,0.020661431954956073,0.07292325268590606
1773535151.5384657,0.616093210875988,0.0,869,893,0.5348348747271819,0.021369843803994933,0.07292325268590606
1773535151.5583844,0.6243492737412453,0.0,885,909,0.544532133784577,0.02207825565303379,0.07292325268590606
1773535151.5784388,0.6243492737412453,0.0,901,926,0.5545313107709471,0.02282399732108338,0.07596172154781881
1773535151.598435,0.6284773051738739,0.0,918,943,0.5648323139434647,0.023607987758924608,0.07596172154781881
1773535151.618401,0.6284773051738739,0.0,936,960,0.5754375016562814,0.024398925891704473,0.07292325268590606
1773535151.638399,0.6284773051738739,0.0,953,978,0.5860426893690981,0.025189864024484337,0.07596172154781881
1773535151.6584113,0.6284773051738739,0.0,971,996,0.5969496339047049,0.026019971546904462,0.07596172154781881
1773535151.6783874,0.6284773051738739,0.0,988,1013,0.6072506370772225,0.02680396198474569,0.07596172154781881
1773535151.6983826,0.6284773051738739,0.0,1006,1031,0.6181575816128293,0.027634069507165814,0.07596172154781881
1773535151.7184048,0.6284773051738739,0.0,1024,1049,0.6290645261484361,0.028464177029585938,0.07596172154781881
1773535151.7384803,0.6284773051738739,0.0,1041,1067,0.639667261669,0.029287334994339616,0.07900019040973157
1773535151.7584033,0.6243492737412453,0.0,1058,1084,0.6499658351637463,0.0301026210423944,0.07900019040973157
1773535151.778403,0.6284773051738739,0.0,1076,1102,0.66087020709936,0.030965865093275938,0.07900019040973157
1773535151.7983942,0.6284773051738739,0.0,1094,1119,0.6714729426199239,0.031789023058029615,0.07596172154781881
1773535151.8183854,0.6284773051738739,0.0,1111,1137,0.6820756781404878,0.03261218102278329,0.07900019040973157
1773535151.83841,0.6284773051738739,0.0,1129,1155,0.6929800500761014,0.03347542507366483,0.07900019040973157
1773535151.8584137,0.6284773051738739,0.0,1147,1173,0.7038844220117151,0.03433866912454636,0.07900019040973157
1773535151.8784597,0.6284773051738739,0.0,1165,1191,0.7147887939473287,0.035201913175427896,0.07900019040973157
1773535151.898385,0.6284773051738739,0.0,1183,1210,0.7259947042704867,0.036106161669502715,0.08203865927164432
1773535151.9184499,0.6284773051738739,0.0,1201,1228,0.7368964029338277,0.037002534279129765,0.08203865927164432
1773535151.9384034,0.6284773051738739,0.0,1219,1246,0.7477981015971688,0.037898906888756814,0.08203865927164432
1773535151.9583876,0.6284773051738739,0.0,1236,1264,0.7583956390943123,0.03878648142117651,0.08507712813355707
1773535151.9783807,0.6284773051738739,0.0,1254,1282,0.7692945638377816,0.03971597431398085,0.08507712813355707
1773535151.998419,0.6284773051738739,0.0,1272,1300,0.7801934885812509,0.04064546720678519,0.08507712813355707
1773535152.0184507,0.6326053291559219,0.0,1289,1317,0.7904869175056386,0.041523321605544845,0.08507712813355707
1773535152.0383942,0.6326053291559219,0.0,1306,1335,0.8010817092196044,0.04244309227894458,0.08811559699546982
1773535152.05849,0.6326053291559219,0.0,1324,1353,0.8119777594212125,0.04340569687358206,0.08811559699546982
1773535152.0783796,0.63673335313797,0.0,1342,1371,0.8228738096228206,0.044368301468219545,0.08811559699546982
1773535152.0983968,0.63673335313797,0.0,1360,1389,0.8337698598244287,0.04533090606285703,0.08811559699546982
1773535152.1183953,0.6449894160032272,0.0,1378,1407,0.8446659100260369,0.04629351065749451,0.08811559699546982
1773535152.1384425,0.6449894160032272,0.0,1396,1425,0.855561960227645,0.047256115252132,0.08811559699546982
1773535152.1584163,0.6449894160032272,0.0,1413,1443,0.8661539083442865,0.04820807357492592,0.09115406585738257
1773535152.1783888,0.6408613920211792,0.0,1431,1462,0.877348001174649,0.04924844716884472,0.09419253471929533
1773535152.1984198,0.6408613920211792,0.0,1449,1480,0.8882380005336493,0.05027724820041129,0.09419253471929533
1773535152.2183743,0.6408613920211792,0.0,1467,1498,0.8991279998926497,0.05130604923197786,0.09419253471929533
1773535152.2384605,0.6408613920211792,0.0,1485,1516,0.9100179992516501,0.05233485026354443,0.09419253471929533
1773535152.2584264,0.6408613920211792,0.0,1503,1534,0.9209079986106504,0.053363651295111,0.09419253471929533
1773535152.2784142,0.6408613920211792,0.0,1521,1552,0.9317979979696508,0.054392452326677575,0.09419253471929533
1773535152.2983952,0.6408613920211792,0.0,1539,1571,0.9429888779885747,0.05546683396824939,0.09723100358120808
1773535152.3184178,0.6408613920211792,0.0,1558,1589,0.9541797580074985,0.056541215609821206,0.09419253471929533
1773535152.3384528,0.6408613920211792,0.0,1575,1607,0.964765725592967,0.05755752256806482,0.09723100358120808
1773535152.3584197,0.6408613920211792,0.0,1593,1625,0.975652548707084,0.05861940772358291,0.09723100358120808
1773535152.378411,0.6408613920211792,0.0,1611,1643,0.986539371821201,0.059681292879101,0.09723100358120808
1773535152.39838,0.6408613920211792,0.0,1629,1662,0.9977269357112821,0.060789672649327324,0.10026947244312083
1773535152.4184177,0.6408613920211792,0.0,1648,1680,1.0089144996013633,0.06189805241955365,0.09723100358120808
1773535152.4383821,0.6408613920211792,0.0,1666,1699,1.0201020634914444,0.06300643218977998,0.10026947244312083
1773535152.4583395,0.6408613920211792,0.0,1684,1717,1.0309856098504142,0.06410139166562222,0.10026947244312083
1773535152.4783845,0.6408613920211792,0.0,1703,1736,1.0424737976737712,0.06525718222345568,0.10026947244312083
1773535152.4983878,0.6408613920211792,0.0,1720,1754,1.053053393798251,0.06633780028588991,0.10330794130503358
1773535152.5183556,0.6408613920211792,0.0,1738,1772,1.0639335629220616,0.06746582397307734,0.10330794130503358
1773535152.538413,0.6408613920211792,0.0,1757,1791,1.075418185886084,0.06865651564288629,0.10330794130503358
1773535152.5584838,0.6449894160032272,0.0,1776,1810,1.0869028088501065,0.06984720731269524,0.10330794130503358
1773535152.5784025,0.6449894160032272,0.0,1794,1828,1.0977829779739172,0.07097523099988266,0.10330794130503358
1773535152.5984862,0.6449894160032272,0.0,1812,1847,1.1089635997775162,0.07215157601499521,0.10634641016694633
1773535152.6184084,0.6449894160032272,0.0,1831,1865,1.1201442215811153,0.07332792103010775,0.10330794130503358
1773535152.63844,0.6449894160032272,0.0,1849,1883,1.131024390704926,0.07445594471729518,0.10330794130503358
1773535152.6585543,0.6449894160032272,0.0,1867,1901,1.1419045598287367,0.0755839684044826,0.10330794130503358
1773535152.6783922,0.6491174548864365,0.0,1885,1919,1.1527847289525475,0.07671199209167003,0.10330794130503358
1773535152.6984272,0.6449894160032272,0.0,1903,1937,1.1636648980763582,0.07784001577885745,0.10330794130503358
1773535152.718426,0.6449894160032272,0.0,1921,1956,1.1748455198799572,0.07901636079397,0.10634641016694633
1773535152.738446,0.6449894160032272,0.0,1940,1975,1.1863264719553224,0.08024194258294848,0.10634641016694633
1773535152.7584841,0.6491174548864365,0.0,1958,1993,1.1972031633951419,0.08140302006724388,0.10634641016694633
1773535152.7783706,0.6491174548864365,0.0,1976,2011,1.2080798548349614,0.08256409755153929,0.10634641016694633
1773535152.7984014,0.6491174548864365,0.0,1994,2030,1.2192568507450123,0.08377440905540895,0.10938487902885909
1773535152.818427,0.6491174548864365,0.0,2012,2048,1.2301299640841155,0.08496852961741302,0.10938487902885909
1773535152.8384254,0.6532454788684845,0.0,2031,2066,1.2413069599941664,0.08617884112128268,0.10634641016694633
1773535152.858449,0.6532454788684845,0.0,2049,2084,1.252183651433986,0.08733991860557809,0.10634641016694633
1773535152.8783987,0.6491174548864365,0.0,2067,2103,1.2633606473440369,0.08855023010944775,0.10938487902885909
1773535152.898402,0.6491174548864365,0.0,2086,2121,1.2745376432540878,0.08976054161331741,0.10634641016694633
1773535152.918368,0.6532454788684845,0.0,2104,2140,1.2857146391641388,0.09097085311718707,0.10938487902885909
1773535152.9384055,0.6532454788684845,0.0,2123,2159,1.2971918143554142,0.0922313137104136,0.10938487902885909
1773535152.958406,0.6573735028505325,0.0,2141,2178,1.308365081182695,0.09347558052909853,0.11242334789077184
1773535152.9783742,0.6573735028505325,0.0,2160,2197,1.3198383735293178,0.09477090828964051,0.11242334789077184
1773535152.9984229,0.6573735028505325,0.0,2179,2215,1.3310116403565986,0.09601517510832544,0.10938487902885909
1773535153.0184023,0.6573735028505325,0.0,2197,2234,1.3421849071838794,0.09725944192701037,0.11242334789077184
1773535153.038386,0.6573735028505325,0.0,2216,2253,1.3536581995305021,0.09855476968755235,0.11242334789077184
1773535153.058426,0.6573735028505325,0.0,2234,2272,1.3648276341202188,0.0998329803336255,0.11546181675268459
1773535153.0784173,0.6573735028505325,0.0,2253,2290,1.3759970687099354,0.10111119097969866,0.11242334789077184
1773535153.09842,0.6573735028505325,0.0,2272,2309,1.3874703610565582,0.10240651874024063,0.11242334789077184
1773535153.118409,0.6573735028505325,0.0,2290,2327,1.3983397959112536,0.10363367135549093,0.11242334789077184
1773535153.1383748,0.6573735028505325,0.0,2308,2346,1.4095092305009702,0.10491188200156408,0.11546181675268459
1773535153.1584203,0.6573735028505325,0.0,2326,2364,1.4203748865215275,0.10617205534063678,0.11546181675268459
1773535153.1784034,0.6615015417337418,0.0,2345,2383,1.4318441900987824,0.10750223830965797,0.11546181675268459
1773535153.1983685,0.6615015417337418,0.0,2363,2401,1.4427098461193397,0.10876241164873067,0.11546181675268459
1773535153.2183836,0.6615015417337418,0.0,2380,2419,1.4532718048530116,0.11000362769043157,0.11850028561459734
1773535153.238395,0.6615015417337418,0.0,2398,2437,1.4641335817245875,0.11129681011904609,0.11850028561459734
1773535153.2583675,0.6615015417337418,0.0,2416,2456,1.475295042517267,0.11264287270420707,0.1215387544765101
1773535153.2784157,0.6615015417337418,0.0,2436,2476,1.4873592618990061,0.11411640556990309,0.1215387544765101
1773535153.2983816,0.6615015417337418,0.0,2455,2495,1.4988202703116582,0.1155162617923143,0.1215387544765101
1773535153.318405,0.6656295657157898,0.0,2474,2514,1.5102812787243103,0.11691611801472553,0.1215387544765101
1773535153.338494,0.6656295657157898,0.0,2493,2532,1.5214427395169898,0.11826218059988651,0.11850028561459734
1773535153.3583817,0.6656295657157898,0.0,2511,2551,1.5326042003096694,0.1196082431850475,0.1215387544765101
1773535153.3783875,0.6656295657157898,0.0,2529,2569,1.5434619977532344,0.12093442276417392,0.1215387544765101
1773535153.3984418,0.6656295657157898,0.0,2548,2588,1.5549230061658865,0.12233427898658514,0.1215387544765101
1773535153.4184027,0.6656295657157898,0.0,2567,2607,1.5663840145785386,0.12373413520899636,0.1215387544765101
1773535153.438395,0.6780136525630951,0.0,2585,2626,1.5775413338853617,0.12511410527942846,0.12457722333842285
1773535153.4584146,0.6780136525630951,0.0,2604,2645,1.5889980359793623,0.1265487789035071,0.12457722333842285
1773535153.478454,0.6945257782936096,0.0,2622,2665,1.600450325983162,0.1280182566839361,0.13065416106224836
1773535153.4983878,0.6986538022756577,0.0,2641,2684,1.611898098165945,0.1295225250540764,0.13065416106224836
1773535153.5183716,0.7027818411588669,0.0,2660,2703,1.623345870348728,0.13102679342421672,0.13065416106224836
1773535153.5383766,0.7027818411588669,0.0,2679,2722,1.634793642531511,0.13253106179435703,0.13065416106224836
1773535153.5584114,0.7027818411588669,0.0,2699,2741,1.6465450037940192,0.13405706486952806,0.1276156922003356
1773535153.5790362,0.7027818411588669,0.0,2718,2761,1.6582963650565274,0.1355830679446991,0.13065416106224836
1773535153.5984328,0.7027818411588669,0.0,2738,2781,1.67034665156472,0.13716650833432048,0.13065416106224836
1773535153.618449,0.7027818411588669,0.0,2758,2801,1.6823969380729127,0.13874994872394186,0.13065416106224836
1773535153.6384025,0.7027818411588669,0.0,2777,2821,1.6941436083837649,0.1403116508452042,0.13369262992416112
1773535153.658468,0.7027818411588669,0.0,2797,2841,1.706189028039197,0.14193169828943147,0.13369262992416112
1773535153.6784108,0.7027818411588669,0.0,2816,2860,1.7176321767118572,0.1434707433614474,0.13369262992416112
1773535153.698376,0.7027818411588669,0.0,2836,2880,1.7296775963672892,0.1450907908056747,0.13369262992416112
1773535153.7184198,0.7027818411588669,0.0,2856,2900,1.7417230160227213,0.14671083824990197,0.13369262992416112
1773535153.7383866,0.7027818411588669,0.0,2876,2920,1.7537684356781533,0.14833088569412925,0.13369262992416112
1773535153.7584457,0.7027818411588669,0.0,2896,2940,1.7658138553335854,0.14995093313835653,0.13369262992416112
1773535153.7785301,0.7027818411588669,0.0,2916,2960,1.7778592749890174,0.1515709805825838,0.13369262992416112
1773535153.7983856,0.7069098651409149,0.0,2936,2980,1.7899046946444495,0.1531910280268111,0.13369262992416112
1773535153.8184643,0.7069098651409149,0.0,2955,3000,1.8016465655550267,0.1547884147760842,0.13673109878607387
1773535153.8384075,0.7027818411588669,0.0,2975,3019,1.8133884364656039,0.15638580152535733,0.13369262992416112
1773535153.8583786,0.7069098651409149,0.0,2995,3039,1.825433856121036,0.1580058489695846,0.13369262992416112
1773535153.8783922,0.7069098651409149,0.0,3014,3059,1.8371757270316131,0.15960323571885773,0.13673109878607387
1773535153.898459,0.7069098651409149,0.0,3034,3079,1.8492161686275261,0.16125987526094973,0.13673109878607387
1773535153.9184062,0.7069098651409149,0.0,3054,3099,1.8612566102234391,0.16291651480304173,0.13673109878607387
1773535153.938394,0.7069098651409149,0.0,3073,3119,1.8729935733294318,0.16454957143279442,0.13976956764798662
1773535153.9583976,0.7069098651409149,0.0,3093,3139,1.8850289257050263,0.1662427877781812,0.13976956764798662
1773535153.979052,0.7069098651409149,0.0,3114,3159,1.897367784354916,0.16795959090176735,0.13673109878607387
1773535153.9983976,0.7069098651409149,0.0,3134,3180,1.9097066430048055,0.1696763940253535,0.13976956764798662
1773535154.0184608,0.7069098651409149,0.0,3154,3200,1.9217419953804,0.17136961037074028,0.13976956764798662
1773535154.0384953,0.7069098651409149,0.0,3174,3221,1.9340755806275478,0.1731238967494287,0.14280803650989937
1773535154.0584161,0.7069098651409149,0.0,3193,3240,1.9455042250669365,0.17476718539003164,0.14280803650989937
1773535154.0784104,0.7069098651409149,0.0,3213,3260,1.9575343771083984,0.17649696290645575,0.14280803650989937
1773535154.0983887,0.7069098651409149,0.0,3232,3280,1.9692611995745348,0.17820131373745507,0.14584650537181212
1773535154.1183975,0.7069098651409149,0.0,3252,3300,1.9812860402160606,0.17996763645511593,0.14584650537181212
1773535154.1384215,0.7069098651409149,0.0,3272,3320,1.9933108808575863,0.1817339591727768,0.14584650537181212
1773535154.1583862,0.7110379040241241,0.0,3292,3340,2.005335721499112,0.18350028189043766,0.14584650537181212
1773535154.1784399,0.7110379040241241,0.0,3312,3360,2.0173605621406376,0.18526660460809852,0.14584650537181212
1773535154.1984346,0.7151659280061722,0.0,3332,3380,2.029385402782163,0.18703292732575938,0.14584650537181212
1773535154.2183626,0.7151659280061722,0.0,3352,3400,2.0414102434236887,0.18879925004342024,0.14584650537181212
1773535154.2384136,0.7192939519882202,0.0,3373,3421,2.054036326097291,0.19065388889696414,0.14584650537181212
1773535154.2583966,0.7192939519882202,0.0,3393,3441,2.0660611667388165,0.192420211614625,0.14584650537181212
1773535154.2784612,0.7192939519882202,0.0,3413,3462,2.0783838636286607,0.19424941556939102,0.14888497423372488
1773535154.298506,0.7192939519882202,0.0,3433,3482,2.0904032818534835,0.19605226718109225,0.14888497423372488
1773535154.3183784,0.7192939519882202,0.0,3454,3503,2.1030236709895473,0.19794526137337853,0.14888497423372488
1773535154.338401,0.7234219908714294,0.0,3474,3523,2.11504308921437,0.19974811298507977,0.14888497423372488
1773535154.358384,0.7192939519882202,0.0,3494,3543,2.127062507439193,0.201550964596781,0.14888497423372488
1773535154.378407,0.7192939519882202,0.0,3514,3564,2.1393795894750003,0.2034176021808619,0.15192344309563763
1773535154.3984978,0.7192939519882202,0.0,3534,3584,2.1513934743164143,0.20525696604216195,0.15192344309563763
1773535154.4183729,0.7234219908714294,0.0,3554,3604,2.1634073591578282,0.207096329903462,0.15192344309563763
1773535154.4384189,0.7234219908714294,0.0,3575,3625,2.176021938241313,0.20902766195782704,0.15192344309563763
1773535154.4583979,0.7234219908714294,0.0,3595,3646,2.1883332917082603,0.2109317159378909,0.15496191195755038
1773535154.478381,0.7234219908714294,0.0,3615,3666,2.2003415322506457,0.2128075750672567,0.15496191195755038
1773535154.4985454,0.7234219908714294,0.0,3636,3687,2.2129501848201505,0.21477722715309078,0.15496191195755038
1773535154.5184286,0.7234219908714294,0.0,3656,3707,2.224958425362536,0.21665308628245658,0.15496191195755038
1773535154.5384052,0.7234219908714294,0.0,3676,3728,2.237263936598688,0.21859453907973267,0.15800038081946313
1773535154.5584278,0.7275500148534775,0.0,3696,3748,2.2492664219785348,0.22050687615869638,0.15800038081946313
1773535154.5784204,0.7316780537366867,0.0,3717,3769,2.261869031627374,0.22251483009160827,0.15800038081946313
1773535154.5983956,0.7316780537366867,0.0,3737,3790,2.2741685870247323,0.22449366378204924,0.16103884968137588
1773535154.6183991,0.7316780537366867,0.0,3758,3811,2.2867650374020103,0.2265399010240341,0.16103884968137588
1773535154.6385016,0.7316780537366867,0.0,3779,3832,2.2993614877792883,0.22858613826601895,0.16103884968137588
1773535154.6584892,0.7151659280061722,0.0,3799,3852,2.3113581071862197,0.23053493563933788,0.16103884968137588
1773535154.678429,0.6945257782936096,0.0,3819,3872,2.323354726593151,0.23248373301265682,0.16103884968137588
1773535154.698485,0.5624288208782673,0.0,3839,3892,2.3353513460000825,0.23443253038597575,0.16103884968137588
1773535154.7183561,0.3137142211198807,0.0,3859,3912,2.347347965407014,0.23638132775929468,0.16103884968137588
1773535154.7384055,0.2806899845600128,0.0,3876,3929,2.3575450919029057,0.23803780552661577,0.16103884968137588
1773535154.7583637,0.0,0.0,3889,3943,2.365640802199245,0.2393655445629592,0.16407731854328864
1773535154.778359,0.0,0.0,3899,3953,2.371636123538143,0.240358164400869,0.16407731854328864
1773535154.7983701,0.0,0.0,3905,3960,2.3755320976971186,0.24100928694273704,0.1671157874052014
1773535154.8183916,0.0,0.0,3910,3966,2.378827001957338,0.2415702508239385,0.17015425626711414
1773535154.8383992,0.0,0.0,3915,3970,2.3815228327156994,0.24202922127219423,0.1671157874052014
1773535154.8583791,0.0,0.0,3919,3974,2.383919743765223,0.2424335540021982,0.1671157874052014
1773535154.8784246,0.0,0.0,3922,3978,2.386016501021726,0.24279053101750822,0.17015425626711414
1773535154.8983834,0.0,0.0,3925,3981,2.387813254597616,0.24309924136145475,0.17015425626711414
1773535154.9183664,0.0,0.0,3927,3984,2.3893101566802555,0.24335877442522968,0.1731927251290269
1773535154.9383914,0.0,0.0,3927,3985,2.3896093779984167,0.24341159045505012,0.17623119399093964
1773535154.9583685,0.0,0.0,3927,3985,2.3896093779984167,0.24341159045505012,0.17623119399093964
1773535154.9783745,0.0,0.0,3927,3985,2.3896093779984167,0.24341159045505012,0.17623119399093964
1773535154.998346,0.0,0.0,3927,3985,2.3896093779984167,0.24341159045505012,0.17623119399093964
1773535155.0183496,0.0,0.0,3927,3985,2.3896093779984167,0.24341159045505012,0.17623119399093964
1773535155.0384994,0.0,0.0,3927,3985,2.3896093779984167,0.24341159045505012,0.17623119399093964
1773535155.058412,0.0,0.0,3927,3985,2.3896093779984167,0.24341159045505012,0.17623119399093964
1773535155.0784016,0.0,0.0,3927,3985,2.3896093779984167,0.24341159045505012,0.17623119399093964
1773535155.098347,0.0,0.0,3927,3985,2.3896093779984167,0.24341159045505012,0.17623119399093964
1773535155.1183865,0.0,0.0,3927,3985,2.3896093779984167,0.24341159045505012,0.17623119399093964
1773535155.1383555,0.0,0.0,3927,3985,2.3896093779984167,0.24341159045505012,0.17623119399093964
1773535155.1584265,0.0,0.0,3927,3985,2.3896093779984167,0.24341159045505012,0.17623119399093964
1773535155.178367,0.0,0.0,3927,3985,2.3896093779984167,0.24341159045505012,0.17623119399093964
1773535155.1984086,0.0,0.0,3927,3985,2.3896093779984167,0.24341159045505012,0.17623119399093964
1773535155.218402,0.0,-0.3560273051261902,3927,3985,2.3896093779984167,0.24341159045505012,0.17623119399093964
1773535155.2384205,0.0,-0.488124281167984,3928,3983,2.3893099975818886,0.24335968384229514,0.1671157874052014
1773535155.2584195,0.0,-0.63673335313797,3932,3978,2.3890097206680605,0.24331324350131797,0.1397695676479866
1773535155.2784252,0.0,-0.6862697005271912,3937,3972,2.3887081714976057,0.24327594701292793,0.10634641016694629
1773535155.2984455,0.0,-0.6945257782936096,3945,3963,2.388405309056439,0.24325150786443941,0.05469243951442947
1773535155.318442,0.0,-0.7358060479164124,3954,3954,2.388405309056439,0.24325150786443941,-1.1102230246251565e-16
1773535155.3383632,0.0,-0.7440621256828308,3965,3943,2.388405309056439,0.24325150786443941,-0.06684631496208071
1773535155.3584352,0.0,-0.7523182034492493,3976,3931,2.3881030348814543,0.24328238266622326,-0.13673109878607406
1773535155.3784022,0.0,-0.760574221611023,3989,3918,2.3881030348814543,0.24328238266622326,-0.21573128919580567
1773535155.3984494,0.0,-0.760574221611023,4002,3905,2.3881030348814543,0.24328238266622326,-0.29473147960553725
1773535155.418399,0.0,-0.760574221611023,4015,3893,2.3883902187891235,0.24318314389646029,-0.37069320115335613
1773535155.4383895,0.0,-0.760574221611023,4029,3879,2.3883902187891235,0.24318314389646029,-0.45577032928691324
1773535155.458417,0.0,-0.760574221611023,4044,3865,2.388656894550953,0.24303751777139765,-0.5438859262823831
1773535155.4783714,0.0,-0.760574221611023,4058,3850,2.3884040687366435,0.24320604681301017,-0.632001523277853
1773535155.4984071,0.0,-0.760574221611023,4072,3835,2.388167054630287,0.24339617109771935,-0.7201171202733229
1773535155.5183954,0.0,-0.760574221611023,4087,3821,2.3883864179566117,0.2431859268081131,-0.8082327172687928
1773535155.5383816,0.0,-0.760574221611023,4102,3807,2.388586428389157,0.24295719386968695,-0.8963483142642626
1773535155.5583858,0.0,-0.760574221611023,4118,3793,2.388943893374932,0.2424657566865828,-0.9875023801216453
1773535155.5784183,0.0,-0.760574221611023,4133,3779,2.389099912880482,0.2422050253226544,-1.075617977117115
1773535155.5983908,0.0,-0.760574221611023,4148,3765,2.3892323823012,0.24193157554148267,-1.163733574112585
1773535155.618379,0.0,-0.760574221611023,4163,3750,2.3892323823012,0.24193157554148267,-1.2548876399699675
1773535155.6384785,0.0,-0.760574221611023,4178,3736,2.3893139696904457,0.24163888726333652,-1.3430032369654374
1773535155.6584349,0.0,-0.760574221611023,4192,3721,2.3892584558741765,0.24193761983011053,-1.4311188339609073
1773535155.6783924,0.0,-0.760574221611023,4206,3707,2.3892584558741765,0.24193761983011053,-1.5161959620944645
1773535155.6983633,0.0,-0.760574221611023,4221,3693,2.3892616591407507,0.24163378982940062,-1.6043115590899344
1773535155.718405,0.0,-0.7440621256828308,4236,3679,2.389238112449146,0.24133085669558624,-1.6924271560854043
1773535155.73893,0.0,-0.7027818560600281,4250,3666,2.3891889093216747,0.24103102010259742,-1.7744658153570487
1773535155.7584038,0.0,-0.669757604598999,4264,3652,2.3891889093216747,0.24103102010259742,-1.859542943490606
1773535155.7784245,0.0,-0.40556368231773376,4278,3639,2.389090517138401,0.2407435450453859,-1.9415816027622503
1773535155.7983856,0.0,-0.20741824805736542,4290,3627,2.389090517138401,0.2407435450453859,-2.0145048554481564
1773535155.818415,0.0,-0.06706522405147552,4300,3618,2.3889522122148223,0.24047299989506518,-2.072235763824499
1773535155.838386,0.0,0.0,4307,3611,2.3889522122148223,0.24047299989506518,-2.1147743278912774
1773535155.8583872,0.0,0.0,4312,3606,2.3889522122148223,0.24047299989506518,-2.145159016510405
1773535155.8783479,0.0,0.0,4316,3603,2.388784428828126,0.2402196786259287,-2.1664282985437944
1773535155.898352,0.0,0.0,4319,3601,2.388612055326203,0.23996945811101658,-2.181620642853358
1773535155.9183617,0.0,0.0,4320,3600,2.388612055326203,0.23996945811101658,-2.1876975805771837
1773535155.9383328,0.0,0.0,4320,3600,2.388612055326203,0.23996945811101658,-2.1876975805771837
1773535155.9583633,0.0,0.0,4320,3600,2.388612055326203,0.23996945811101658,-2.1876975805771837
1773535155.9783483,0.0,0.0,4320,3600,2.388612055326203,0.23996945811101658,-2.1876975805771837
1773535155.9983325,0.0,0.0,4320,3600,2.388612055326203,0.23996945811101658,-2.1876975805771837
1773535156.0183508,0.0,0.0,4320,3600,2.388612055326203,0.23996945811101658,-2.1876975805771837
1773535156.0383356,0.0,0.0,4320,3600,2.388612055326203,0.23996945811101658,-2.1876975805771837
1773535156.0583842,0.0,0.0,4320,3600,2.388612055326203,0.23996945811101658,-2.1876975805771837
1773535156.0783617,0.0,0.0,4320,3600,2.388612055326203,0.23996945811101658,-2.1876975805771837
1773535156.098377,0.0,0.0,4320,3600,2.388612055326203,0.23996945811101658,-2.1876975805771837
1773535156.118357,0.0,0.0,4320,3600,2.388612055326203,0.23996945811101658,-2.1876975805771837
1773535156.1384232,0.0,0.0,4320,3600,2.388612055326203,0.23996945811101658,-2.1876975805771837
1773535156.1583905,0.0,0.0,4320,3600,2.388612055326203,0.23996945811101658,-2.1876975805771837
1773535156.1783893,0.0,0.0,4320,3600,2.388612055326203,0.23996945811101658,-2.1876975805771837
1773535156.1983414,0.0,0.0,4320,3600,2.388612055326203,0.23996945811101658,-2.1876975805771837
1773535156.2183418,0.0,0.0,4320,3600,2.388612055326203,0.23996945811101658,-2.1876975805771837
1773535156.2383497,0.0,0.0,4320,3600,2.388612055326203,0.23996945811101658,-2.1876975805771837
1773535156.2583601,0.0,0.0,4320,3600,2.388612055326203,0.23996945811101658,-2.1876975805771837
1773535156.2783518,0.0,0.0,4320,3600,2.388612055326203,0.23996945811101658,-2.1876975805771837
1773535156.298376,0.0,0.0,4320,3600,2.388612055326203,0.23996945811101658,-2.1876975805771837
1773535156.318366,0.0,0.0,4320,3600,2.388612055326203,0.23996945811101658,-2.1876975805771837
1773535156.3383682,0.0,0.0,4320,3600,2.388612055326203,0.23996945811101658,-2.1876975805771837
1773535156.3583305,0.0,0.0,4320,3600,2.388612055326203,0.23996945811101658,-2.1876975805771837
1773535156.3783398,0.0,0.0,4320,3600,2.388612055326203,0.23996945811101658,-2.1876975805771837
1773535156.3983886,0.0,0.0,4320,3600,2.388612055326203,0.23996945811101658,-2.1876975805771837
1773535156.4183536,0.0,0.0,4320,3600,2.388612055326203,0.23996945811101658,-2.1876975805771837
1773535156.4383678,0.0,0.0,4320,3600,2.388612055326203,0.23996945811101658,-2.1876975805771837
1773535156.4583583,0.0,0.0,4320,3600,2.388612055326203,0.23996945811101658,-2.1876975805771837
1773535156.4783874,0.0,0.0,4320,3600,2.388612055326203,0.23996945811101658,-2.1876975805771837
1773535156.4984112,0.0,0.0,4320,3600,2.388612055326203,0.23996945811101658,-2.1876975805771837
1773535156.5183694,0.0,0.0,4320,3600,2.388612055326203,0.23996945811101658,-2.1876975805771837
1773535156.5383618,0.0,0.0,4320,3600,2.388612055326203,0.23996945811101658,-2.1876975805771837
1773535156.5583537,0.0,0.0,4320,3600,2.388612055326203,0.23996945811101658,-2.1876975805771837
1773535156.5783916,0.0,0.0,4320,3600,2.388612055326203,0.23996945811101658,-2.1876975805771837
1773535156.5983467,0.0,0.0,4320,3600,2.388612055326203,0.23996945811101658,-2.1876975805771837
1773535156.6183527,0.0,0.0,4320,3600,2.388612055326203,0.23996945811101658,-2.1876975805771837
1773535156.6383674,0.0,0.0,4320,3600,2.388612055326203,0.23996945811101658,-2.1876975805771837
1773535156.658341,0.0,0.0,4320,3600,2.388612055326203,0.23996945811101658,-2.1876975805771837
1773535156.678337,0.0,0.0,4320,3600,2.388612055326203,0.23996945811101658,-2.1876975805771837
1773535156.6983876,0.0,0.0,4320,3600,2.388612055326203,0.23996945811101658,-2.1876975805771837
1773535156.7183952,0.0,0.0,4320,3600,2.388612055326203,0.23996945811101658,-2.1876975805771837
1773535156.7383559,0.07016044855117798,0.0,4320,3600,2.388612055326203,0.23996945811101658,-2.1876975805771837
1773535156.7583933,0.10731273889541626,0.0,4320,3600,2.388612055326203,0.23996945811101658,-2.1876975805771837
1773535156.7783568,0.1114407479763031,0.0,4320,3600,2.388612055326203,0.23996945811101658,-2.1876975805771837
1773535156.798358,0.1114407479763031,0.0,4321,3602,2.388085849791322,0.23922513687170255,-2.1846591117152707
1773535156.8183777,0.11969682574272156,0.0,4322,3605,2.387388772876752,0.23822952115309243,-2.1785821739914453
1773535156.8383524,0.11969682574272156,0.0,4322,3608,2.3868716523709823,0.2374788596083561,-2.169466767405707
1773535156.858404,0.11969682574272156,0.0,4323,3611,2.3861897810550428,0.2364727689601195,-2.1633898296818814
1773535156.8784146,0.12795287370681763,0.0,4323,3614,2.385684124095679,0.23571433807224632,-2.154274423096143
1773535156.898385,0.13208091259002686,0.0,4324,3617,2.385017615756238,0.23469800470300878,-2.1481974853723176
1773535156.9184039,0.1362089216709137,0.0,4325,3620,2.384357295880138,0.2336776397951464,-2.142120547648492
1773535156.9383488,0.1362089216709137,0.0,4327,3624,2.383376135338485,0.23214110164708862,-2.1360436099246667
1773535156.9584284,0.1362089216709137,0.0,4329,3628,2.3824043303026654,0.2305986294556737,-2.1299666722008412
1773535156.9784253,0.16510513424873352,0.0,4332,3631,2.381437216499349,0.22905321158973324,-2.1299666722008412
1773535156.9983683,0.18987330794334412,0.0,4334,3635,2.3804748028572074,0.22750486231700687,-2.123889734477016
1773535157.0183966,0.2270255982875824,0.0,4338,3640,2.3790417827261074,0.2251757829594149,-2.120851265615103
1773535157.038412,0.23528164625167847,0.0,4342,3645,2.377615846034249,0.22284236017283923,-2.11781279675319
1773535157.0584333,0.2394096851348877,0.0,4346,3650,2.3761970059462874,0.2205046155001062,-2.114774327891277
1773535157.0783947,0.2394096851348877,0.0,4351,3656,2.3744715576980426,0.21764211608479567,-2.111735859029364
1773535157.0983825,0.2394096851348877,0.0,4357,3662,2.3725939968423875,0.2145165333888744,-2.111735859029364
1773535157.1184173,0.2394096851348877,0.0,4362,3668,2.370877254161016,0.2116488044745623,-2.108697390167451
1773535157.1384087,0.24766573309898376,0.0,4368,3674,2.369009198943534,0.20851753130535955,-2.108697390167451
1773535157.158387,0.251793771982193,0.0,4375,3680,2.366980321229186,0.2051283971338998,-2.111735859029364
1773535157.1784115,0.2641778588294983,0.0,4381,3687,2.3649514435148378,0.20173926296244005,-2.108697390167451
1773535157.198372,0.2683058828115463,0.0,4388,3693,2.3629225658004898,0.1983501287909803,-2.111735859029364
1773535157.2184098,0.27243392169475555,0.0,4395,3701,2.360581553053165,0.1944395893623729,-2.108697390167451
1773535157.2384133,0.28481800854206085,0.0,4402,3708,2.358402155299436,0.19078643733163636,-2.108697390167451
1773535157.2583735,0.29720209538936615,0.0,4410,3715,2.356061142552111,0.18687589790302897,-2.111735859029364
1773535157.2784214,0.35086648166179657,0.0,4417,3722,2.3538706548871797,0.18322938475778747,-2.111735859029364
1773535157.2984178,0.3797626942396164,0.0,4425,3730,2.351367240412973,0.17906194116322574,-2.111735859029364
1773535157.318415,0.383890725672245,0.0,4433,3739,2.3487140926326715,0.17462999647747068,-2.108697390167451
1773535157.3383975,0.4086589068174362,0.0,4442,3748,2.3459120098064483,0.16993308672366655,-2.108697390167451
1773535157.3584554,0.4169149622321129,0.0,4451,3758,2.342961791257745,0.1649707497405041,-2.105658921305538
1773535157.3783824,0.4210429936647415,0.0,4460,3768,2.340026664210877,0.15999947153079577,-2.102620452443625
1773535157.3984041,0.4210429936647415,0.0,4470,3779,2.3367992864535556,0.15449506919712,-2.099581983581712
1773535157.4184012,0.4210429936647415,0.0,4480,3789,2.333733561159766,0.1492481176514823,-2.099581983581712
1773535157.4384117,0.4292990565299988,0.0,4491,3801,2.330217148188896,0.14320877415077293,-2.0965435147197993
1773535157.4583697,0.4334270879626274,0.0,4502,3812,2.326862402874532,0.13742690748715558,-2.0965435147197993
1773535157.478385,0.43755511566996574,0.0,4513,3823,2.3235076575601683,0.13164504082353823,-2.0965435147197993
1773535157.4984183,0.43755511566996574,0.0,4525,3835,2.3198479353990438,0.12533754991777385,-2.0965435147197993
1773535157.5184116,0.43755511566996574,0.0,4536,3847,2.316349888989376,0.11928754980066027,-2.0935050458578863
1773535157.5384192,0.4416831433773041,0.0,4548,3858,2.3128518425797084,0.11323754968354668,-2.0965435147197993
1773535157.5583682,0.4458111748099327,0.0,4559,3870,2.3093537961700408,0.1071875495664331,-2.0935050458578863
1773535157.5784209,0.4458111748099327,0.0,4571,3882,2.3057132559879414,0.10086896784222908,-2.0935050458578863
1773535157.5983546,0.44993920624256134,0.0,4583,3895,2.30193103038631,0.09428135819202595,-2.0904665769959734
1773535157.6184146,0.44993920624256134,0.0,4595,3907,2.2983097057937436,0.08795174398433538,-2.0904665769959734
1773535157.6383932,0.4540672339498997,0.0,4608,3920,2.2943866041517964,0.08109466192600392,-2.0904665769959734
1773535157.658342,0.4581952653825283,0.0,4620,3932,2.29076527955923,0.07476504771831335,-2.0904665769959734
1773535157.6783993,0.46232329308986664,0.0,4632,3945,2.28700308763289,0.06816597632042203,-2.0874281081340604
1773535157.698371,0.46645132452249527,0.0,4645,3958,2.2831008390988,0.061297005711522294,-2.0874281081340604
1773535157.7183893,0.46645132452249527,0.0,4657,3971,2.2793587155813833,0.05468653349045675,-2.0843896392721475
1773535157.7383597,0.47470738366246223,0.0,4669,3983,2.2757759222894824,0.048335029727533035,-2.0843896392721475
1773535157.7583835,0.47470738366246223,0.0,4682,3996,2.271894562889923,0.04145423398436568,-2.0843896392721475
1773535157.7784195,0.4788354132324457,0.0,4694,4009,2.2681725423297836,0.03483242196989553,-2.0813511704102345
1773535157.7984216,0.4788354132324457,0.0,4707,4023,2.2641745084304707,0.027668684042609575,-2.0783127015483216
1773535157.818367,0.48296344466507435,0.0,4721,4036,2.260176474531158,0.020504946115323622,-2.0813511704102345
1773535157.8384109,0.4994755635270849,0.0,4734,4049,2.256316040099949,0.01361238876336231,-2.0813511704102345
1773535157.8583965,0.5,0.0,4747,4063,2.2523180062006363,0.006448650836076359,-2.0783127015483216
1773535157.8783798,0.5,0.0,4760,4076,2.2484785323784124,-0.000455604490618702,-2.0783127015483216
1773535157.8984027,0.5,0.0,4773,4090,2.24450228369573,-0.007631457231886024,-2.0752742326864086
1773535157.9183826,0.5046364041045308,0.0,4787,4105,2.240254936439084,-0.015351795671367845,-2.0722357638244957
1773535157.9384093,0.5046364041045308,0.0,4800,4119,2.236322368117789,-0.022551679180789395,-2.0691972949625828
1773535157.9583697,0.5128924641758204,0.0,4814,4133,2.232255497253531,-0.03002441219408418,-2.0691972949625828
1773535157.9783857,0.5128924641758204,0.0,4828,4147,2.228188626389273,-0.037497145207378964,-2.0691972949625828
1773535157.9983704,0.5170204937458038,0.0,4842,4162,2.223988273285037,-0.04524315180035412,-2.06615882610067
1773535158.0184143,0.5170204937458038,0.0,4856,4177,2.219811475533853,-0.05300188525913366,-2.063120357238757
1773535158.0384288,0.5170204937458038,0.0,4870,4192,2.2156582716971123,-0.060773273952871895,-2.060081888376844
1773535158.0584443,0.5252765528857708,0.0,4885,4207,2.2113740725725735,-0.06881915955264409,-2.060081888376844
1773535158.0783901,0.5252765528857708,0.0,4899,4222,2.2072445009938413,-0.0766031317336586,-2.057043419514931
1773535158.098404,0.5252765528857708,0.0,4913,4238,2.203009275019808,-0.08467490342097689,-2.0509664817911055
1773535158.118477,0.5335326120257378,0.0,4928,4253,2.1987985943853774,-0.09275950643028728,-2.0509664817911055
1773535158.1384044,0.5335326120257378,0.0,4942,4268,2.194740147458507,-0.1005807974286109,-2.0479280129291926
1773535158.15841,0.5376606434583664,0.0,4956,4282,2.1908331241325945,-0.10813833314108445,-2.0479280129291926
1773535158.1783886,0.5417886711657047,0.0,4970,4297,2.1867984606526867,-0.1159719194808511,-2.0448895440672796
1773535158.1984048,0.5417886711657047,0.0,4985,4312,2.1826369870931157,-0.12408196109827271,-2.0448895440672796
1773535158.2183733,0.5459167025983334,0.0,5000,4328,2.17834953446218,-0.13246886075821493,-2.0418510752053667
1773535158.2384136,0.5459167025983334,0.0,5016,4343,2.1740620818312446,-0.14085576041815714,-2.0448895440672796
1773535158.2584438,0.550044734030962,0.0,5030,4358,2.170051239047466,-0.14870156977745794,-2.0418510752053667
1773535158.2783835,0.550044734030962,0.0,5045,4374,2.165789289502278,-0.15710145799354308,-2.0388126063434537
1773535158.2984152,0.5541727617383003,0.0,5060,4389,2.1616771766968665,-0.16523663872287497,-2.0388126063434537
1773535158.318393,0.5541727617383003,0.0,5075,4404,2.157565063891455,-0.17337181945220687,-2.0388126063434537
1773535158.33842,0.5541727617383003,0.0,5091,4420,2.1531788102323497,-0.18204934556349422,-2.0388126063434537
1773535158.3583856,0.5541727617383003,0.0,5106,4436,2.148942403120446,-0.19046214478555254,-2.035774137481541
1773535158.3783984,0.5541727617383003,0.0,5122,4452,2.1445825360612316,-0.19915295831479524,-2.035774137481541
1773535158.3983924,0.5541727617383003,0.0,5137,4468,2.1403717104943336,-0.20757859087345892,-2.032735668619628
1773535158.4184172,0.558300793170929,0.0,5152,4484,2.136186505347987,-0.21601697898087913,-2.029697199757715
1773535158.4383852,0.558300793170929,0.0,5168,4500,2.131879531999193,-0.22473412651587388,-2.029697199757715
1773535158.458409,0.5624288208782673,0.0,5183,4515,2.127841744484698,-0.23290645232993146,-2.029697199757715
1773535158.4783518,0.558300793170929,0.0,5198,4531,2.1236821983979133,-0.24135751808049644,-2.026658730895802
1773535158.498434,0.558300793170929,0.0,5213,4547,2.11954834977281,-0.24982118345155085,-2.023620262033889
1773535158.5184543,0.558300793170929,0.0,5229,4563,2.115294429186906,-0.25856434307624676,-2.023620262033889
1773535158.538395,0.5624288208782673,0.0,5244,4579,2.111186316188356,-0.26704052992881194,-2.020581793171976
1773535158.5584211,0.5624288208782673,0.0,5260,4595,2.1069589810165548,-0.27579657457918594,-2.020581793171976
1773535158.5784068,0.5624288208782673,0.0,5275,4611,2.102876641571832,-0.28428520465868135,-2.017543324310063
1773535158.598412,0.558300793170929,0.0,5291,4627,2.0986759308421004,-0.2930540534964256,-2.017543324310063
1773535158.6184278,0.5624288208782673,0.0,5306,4643,2.094619402640529,-0.30155504843339126,-2.01450485544815
1773535158.6383624,0.5624288208782673,0.0,5321,4658,2.0907062331041235,-0.30978777224769893,-2.01450485544815
1773535158.6583934,0.5624288208782673,0.0,5337,4675,2.0864155097575465,-0.31885029751405575,-2.011466386586237
1773535158.6784124,0.5624288208782673,0.0,5352,4691,2.082410716156722,-0.327375786601683,-2.0084279177243243
1773535158.6984224,0.5624288208782673,0.0,5368,4707,2.078290110461169,-0.3361825617933105,-2.0084279177243243
1773535158.7184365,0.5665568560361862,0.0,5383,4723,2.07431123974031,-0.34472017994799203,-2.0053894488624113
1773535158.7383976,0.5706848800182343,0.0,5399,4740,2.0701033021104682,-0.3538214398576736,-2.0023509800004984
1773535158.7584298,0.5748129114508629,0.0,5414,4756,2.0661763871120904,-0.3623830795700167,-1.9993125111385857
1773535158.7783952,0.5789409428834915,0.0,5429,4772,2.0622755044765575,-0.3709566115511932,-1.996274042276673
1773535158.7983813,0.5789409428834915,0.0,5445,4788,2.058262236931988,-0.3798128163924213,-1.996274042276673
1773535158.818386,0.5789409428834915,0.0,5460,4804,2.0543874226733645,-0.3883981614891326,-1.9932355734147602
1773535158.838438,0.5789409428834915,0.0,5475,4820,2.0505387125650434,-0.396995240439018,-1.9901971045528475
1773535158.8584032,0.5665568560361862,0.0,5491,4836,2.0465793373976138,-0.4058756699814236,-1.9901971045528475
1773535158.878421,0.5417886711657047,0.0,5506,4852,2.042756766971987,-0.41448440341379217,-1.9871586356909348
1773535158.898432,0.5335326120257378,0.0,5522,4868,2.038824392948725,-0.4233768223825129,-1.9871586356909348
1773535158.9184165,0.17748922109603882,0.0,5536,4884,2.0351631399103254,-0.4317246282865892,-1.9810816979671093
1773535158.938369,0.0,0.0,5549,4898,2.031902288421651,-0.4392525937301669,-1.9780432291051966
1773535158.9583614,0.0,0.0,5558,4907,2.0297360144312275,-0.444274534231488,-1.9780432291051966
1773535158.9783843,0.0,0.0,5563,4913,2.0284168443271566,-0.44734550554306834,-1.9750047602432839
1773535158.9983795,0.0,0.0,5568,4918,2.027221841547027,-0.4501391163571039,-1.9750047602432839
1773535159.018373,0.0,0.0,5572,4922,2.0262658393229236,-0.45237400500833236,-1.9750047602432839
1773535159.0383596,0.0,0.0,5576,4926,2.02530983709882,-0.4546088936595608,-1.9750047602432839
1773535159.0584033,0.0,0.0,5579,4930,2.024476307021755,-0.4565656898147049,-1.9719662913813711
1773535159.0783815,0.0,0.0,5582,4933,2.0237644016353054,-0.4582440271495923,-1.9719662913813711
1773535159.0983734,0.0,0.0,5584,4934,2.0234071744594204,-0.45908265407322546,-1.9750047602432839
1773535159.118362,0.0,0.0,5585,4935,2.0231681739033944,-0.4596413762360326,-1.9750047602432839
1773535159.1383345,0.0,0.0,5585,4935,2.0231681739033944,-0.4596413762360326,-1.9750047602432839
1773535159.1583571,0.0,0.0,5585,4935,2.0231681739033944,-0.4596413762360326,-1.9750047602432839
1773535159.1783738,0.0,0.0,5585,4935,2.0231681739033944,-0.4596413762360326,-1.9750047602432839
1773535159.19835,0.0,0.0,5585,4935,2.0231681739033944,-0.4596413762360326,-1.9750047602432839
1773535159.2183502,0.0,0.0,5585,4935,2.0231681739033944,-0.4596413762360326,-1.9750047602432839
1773535159.2383478,0.0,0.0,5585,4935,2.0231681739033944,-0.4596413762360326,-1.9750047602432839
1773535159.2584374,0.0,0.0,5585,4935,2.0231681739033944,-0.4596413762360326,-1.9750047602432839
1773535159.2783554,0.0,0.0,5585,4935,2.0231681739033944,-0.4596413762360326,-1.9750047602432839
1773535159.2983463,0.0,0.0,5585,4935,2.0231681739033944,-0.4596413762360326,-1.9750047602432839
1773535159.3183625,0.0,0.0,5585,4935,2.0231681739033944,-0.4596413762360326,-1.9750047602432839
1773535159.3383374,0.0,0.0,5585,4935,2.0231681739033944,-0.4596413762360326,-1.9750047602432839
1773535159.3583963,0.0,0.0,5585,4935,2.0231681739033944,-0.4596413762360326,-1.9750047602432839
1773535159.378341,0.0,0.0,5585,4935,2.0231681739033944,-0.4596413762360326,-1.9750047602432839
1773535159.3983316,0.0,0.0,5585,4935,2.0231681739033944,-0.4596413762360326,-1.9750047602432839
1773535159.4183776,0.0,0.0,5585,4935,2.0231681739033944,-0.4596413762360326,-1.9750047602432839
1773535159.4383469,0.0,0.0,5585,4935,2.0231681739033944,-0.4596413762360326,-1.9750047602432839
1773535159.4583514,0.0,0.0,5585,4935,2.0231681739033944,-0.4596413762360326,-1.9750047602432839
1773535159.478364,0.0,0.0,5585,4935,2.0231681739033944,-0.4596413762360326,-1.9750047602432839
1773535159.4983535,0.0,0.0,5585,4935,2.0231681739033944,-0.4596413762360326,-1.9750047602432839
1773535159.5183759,0.0,0.0,5585,4935,2.0231681739033944,-0.4596413762360326,-1.9750047602432839
1773535159.538384,0.0,-0.050553105771541595,5585,4935,2.0231681739033944,-0.4596413762360326,-1.9750047602432839
1773535159.5583797,0.0,-0.07532128691673279,5585,4935,2.0231681739033944,-0.4596413762360326,-1.9750047602432839
1773535159.5784152,0.0,-0.17439399659633636,5585,4935,2.0231681739033944,-0.4596413762360326,-1.9750047602432839
1773535159.5983877,0.0,-0.2982349097728729,5585,4934,2.02328809845831,-0.45936219702588893,-1.9780432291051966
1773535159.6184013,0.0,-0.3312591314315796,5587,4932,2.02328809845831,-0.45936219702588893,-1.9901971045528477
1773535159.638376,0.0,-0.4963803291320801,5590,4927,2.02354228669053,-0.4588102187078424,-2.0145048554481497
1773535159.6583633,0.0,-0.5046364068984985,5594,4922,2.023676465596555,-0.4585376036836306,-2.0418510752053645
1773535159.6784635,0.0,-0.5128924250602722,5601,4915,2.023676465596555,-0.4585376036836306,-2.084389639272143
1773535159.6983817,0.0,-0.5128924250602722,5607,4908,2.023830945967443,-0.458275957462067,-2.1238897344770087
1773535159.718407,0.0,-0.5128924250602722,5615,4900,2.023830945967443,-0.458275957462067,-2.1725052362676127
1773535159.7383745,0.0,-0.5128924250602722,5622,4891,2.024187006780361,-0.45778350196306594,-2.2211207380582167
1773535159.7584307,0.0,-0.5128924250602722,5630,4882,2.0243771528872943,-0.45754650536337227,-2.2727747087107337
1773535159.7784152,0.0,-0.5128924250602722,5638,4874,2.0243771528872943,-0.45754650536337227,-2.3213902105013378
1773535159.7984366,0.0,-0.5128924250602722,5646,4866,2.0243771528872943,-0.45754650536337227,-2.370005712291942
1773535159.8183668,0.0,-0.5128924250602722,5654,4858,2.0243771528872943,-0.45754650536337227,-2.418621214082546
1773535159.8383884,0.0,-0.5128924250602722,5662,4850,2.0243771528872943,-0.45754650536337227,-2.46723671587315
1773535159.8583767,0.0,-0.5128924250602722,5670,4841,2.024619310710939,-0.4573629773854077,-2.518890686525667
1773535159.8784158,0.0,-0.5211485028266907,5679,4832,2.024619310710939,-0.4573629773854077,-2.5735831260400963
1773535159.8983862,0.0,-0.5128924250602722,5687,4823,2.0248795812488556,-0.45720619034085086,-2.6252370966926133
1773535159.9183934,0.0,-0.5211485028266907,5696,4813,2.0251480334065333,-0.4570638654685114,-2.6829680050689557
1773535159.9384115,0.0,-0.5128924250602722,5705,4803,2.025424250312843,-0.4569372670841745,-2.740698913445298
1773535159.958358,0.0,-0.5211485028266907,5714,4795,2.0251415258991727,-0.4570485767250995,-2.792352884097815
1773535159.978478,0.0,-0.5211485028266907,5723,4786,2.0251415258991727,-0.4570485767250995,-2.8470453236122446
1773535159.9983902,0.0,-0.5128924250602722,5732,4778,2.024848583642774,-0.45712924744261363,-2.8986992942647616
1773535160.0183532,0.0,-0.5211485028266907,5741,4769,2.024848583642774,-0.45712924744261363,-2.953391733779191
1773535160.0383675,0.0,-0.5211485028266907,5750,4759,2.0251485816815618,-0.45708103844997094,-3.0111226421555335
1773535160.058413,0.0,-0.5211485028266907,5758,4750,2.025450766498792,-0.4570493009881376,-3.0627766128080505
1773535160.0783846,0.0,-0.5211485028266907,5767,4740,2.025754234405518,-0.45703412996854476,-3.120507521184393
1773535160.0983753,0.0,-0.5211485028266907,5776,4731,2.025754234405518,-0.45703412996854476,-3.1751999606988224
1773535160.1184127,0.0,-0.5211485028266907,5785,4722,2.025754234405518,-0.45703412996854476,-3.229892400213252
1773535160.138383,0.0,-0.5211485028266907,5794,4714,2.02545236416178,-0.4569995281449876,-3.281546370865769
1773535160.158375,0.0,-0.5211485028266907,5803,4705,2.02545236416178,-0.4569995281449876,-3.3362388103801983
1773535160.1784081,0.0,-0.5211485028266907,5812,4696,2.02545236416178,-0.4569995281449876,-3.390931249894628
1773535160.198398,0.0,-0.5211485028266907,5821,4686,2.025744528198678,-0.4570829733712828,-3.4486621582709702
1773535160.21837,0.0,-0.5211485028266907,5830,4677,2.025744528198678,-0.4570829733712828,-3.5033545977853997
1773535160.238385,0.0,-0.5211485028266907,5839,4667,2.0260254864047442,-0.4571986687328673,-3.561085506161742
1773535160.2584286,0.0,-0.5211485028266907,5849,4658,2.025751671754329,-0.4570669551516914,-3.6188164145380846
1773535160.2784145,0.0,-0.5211485028266907,5858,4648,2.026017430517236,-0.45721424809173333,-3.676547322914427
1773535160.2984324,0.0,-0.5211485028266907,5868,4639,2.0257606131320225,-0.45705186656291846,-3.7342782312907694
1773535160.3184912,0.0,-0.5211485028266907,5878,4631,2.025266035490093,-0.4566987593878343,-3.788970670805199
1773535160.3383806,0.0,-0.5211485028266907,5887,4622,2.025266035490093,-0.4566987593878343,-3.8436631103196284
1773535160.3584146,0.0,-0.5211485028266907,5897,4613,2.0250398063075377,-0.45649592130657596,-3.901394018695971
1773535160.3784451,0.0,-0.5128924250602722,5906,4603,2.025253955076815,-0.45671147462913214,-3.9591249270723132
1773535160.398419,0.0,-0.40556368231773376,5914,4594,2.0254560003777513,-0.4569384121240899,-4.01077889772483
1773535160.4183986,0.0,-0.3312591314315796,5923,4585,2.0254560003777513,-0.4569384121240899,-4.065471337239259
1773535160.438378,0.0,-0.3312591314315796,5931,4577,2.0254560003777513,-0.4569384121240899,-4.114086839029864
1773535160.458389,0.0,0.0,5938,4570,2.0254560003777513,-0.4569384121240899,-4.156625403096642
1773535160.478405,0.0,0.0,5943,4565,2.0254560003777513,-0.4569384121240899,-4.18701009171577
1773535160.4983962,0.0,0.0,5947,4561,2.0254560003777513,-0.4569384121240899,-4.211317842611072
1773535160.5183606,0.0,0.0,5950,4558,2.0254560003777513,-0.4569384121240899,-4.229548655782549
1773535160.538398,0.0,0.0,5951,4556,2.0255958474838214,-0.45720816333756636,-4.2386640623682865
1773535160.558427,0.0,0.0,5951,4556,2.0255958474838214,-0.45720816333756636,-4.2386640623682865
1773535160.5783775,0.13208091259002686,0.0,5951,4556,2.0255958474838214,-0.45720816333756636,-4.2386640623682865
1773535160.5984042,0.2683058828115463,0.0,5951,4557,2.0254568206527073,-0.45693798844887673,-4.235625593506374
1773535160.6183767,0.3178422451019287,0.0,5953,4560,2.024757585122358,-0.45558923238149457,-4.232587124644461
1773535160.6383982,0.32197028398513794,0.0,5956,4565,2.0236289843598643,-0.4534363441227177,-4.226510186920635
1773535160.6584132,0.3673786073923111,0.0,5961,4571,2.0220636826652734,-0.45048322625088544,-4.223471718058722
1773535160.6783652,0.40040284395217896,0.0,5967,4578,2.0202031848149327,-0.44699881482844805,-4.220433249196809
1773535160.698403,0.5,0.0,5973,4586,2.0181824900925576,-0.44325554257444355,-4.214356311472983
1773535160.7184162,0.5252765528857708,0.0,5982,4595,2.0155698425583872,-0.43845068021818523,-4.214356311472983
1773535160.7383971,0.5335326120257378,0.0,5991,4606,2.0126506926961576,-0.4331207893955607,-4.208279373749157
1773535160.7584615,0.5624288208782673,0.0,6003,4618,2.009128295412878,-0.4267355936114308,-4.208279373749157
1773535160.778372,0.5624288208782673,0.0,6015,4631,2.0054490310130273,-0.4200899299966311,-4.205240904887244
1773535160.7984054,0.5624288208782673,0.0,6028,4645,2.001453635784159,-0.41292472008232817,-4.202202436025331
1773535160.8183858,0.5624288208782673,0.0,6042,4659,1.997298978934945,-0.4055004353504623,-4.202202436025331
1773535160.8384092,0.5624288208782673,0.0,6057,4674,1.9928475608822156,-0.3975458445663203,-4.202202436025331
1773535160.8584106,0.5624288208782673,0.0,6071,4689,1.988532846343003,-0.3898629530023459,-4.199163967163418
1773535160.8783865,0.5624288208782673,0.0,6087,4703,1.9840814282902737,-0.3819083622182039,-4.205240904887244
1773535160.8984275,0.5624288208782673,0.0,6102,4719,1.9794941226571283,-0.37368163972400426,-4.202202436025331
1773535160.918447,0.558300793170929,0.0,6118,4734,1.974906817023983,-0.3654549172298046,-4.205240904887244
1773535160.9383705,0.558300793170929,0.0,6134,4750,1.970184440741177,-0.3569556323882617,-4.205240904887244
1773535160.9583843,0.558300793170929,0.0,6149,4765,1.9657572129760463,-0.34898755284931526,-4.205240904887244
1773535160.9785006,0.558300793170929,0.0,6165,4781,1.9610348366932404,-0.3404882680077724,-4.205240904887244
1773535160.9984086,0.558300793170929,0.0,6180,4796,1.9566076089281097,-0.3325201884688259,-4.205240904887244
1773535161.018424,0.5541727617383003,0.0,6195,4811,1.952180381162979,-0.32455210892987946,-4.205240904887244
1773535161.0383537,0.5541727617383003,0.0,6210,4826,1.9477531533978483,-0.316584029390933,-4.205240904887244
1773535161.0584435,0.5541727617383003,0.0,6225,4841,1.9433259256327176,-0.30861594985198654,-4.205240904887244
1773535161.0784152,0.5541727617383003,0.0,6241,4856,1.9387636377769024,-0.30037532696963487,-4.208279373749157
1773535161.0983803,0.5541727617383003,0.0,6256,4872,1.9342013499210873,-0.2921347040872832,-4.205240904887244
1773535161.1184738,0.550044734030962,0.0,6272,4887,1.9296390620652721,-0.28389408120493154,-4.208279373749157
1773535161.1383915,0.5541727617383003,0.0,6287,4903,1.925076774209457,-0.27565345832257987,-4.205240904887244
1773535161.158409,0.5541727617383003,0.0,6302,4918,1.9206495464443263,-0.2676853787836334,-4.205240904887244
1773535161.178427,0.550044734030962,0.0,6317,4933,1.9162223186791956,-0.25971729924468695,-4.205240904887244
1773535161.198373,0.5541727617383003,0.0,6333,4948,1.9116600308233804,-0.2514766763623353,-4.208279373749157
1773535161.2183611,0.5541727617383003,0.0,6348,4964,1.9070977429675653,-0.2432360534799836,-4.205240904887244
1773535161.2383769,0.5541727617383003,0.0,6364,4979,1.9025354551117502,-0.2349954305976319,-4.208279373749157
1773535161.2584288,0.5541727617383003,0.0,6379,4995,1.897973167255935,-0.2267548077152802,-4.205240904887244
1773535161.278428,0.5541727617383003,0.0,6395,5010,1.8934108794001199,-0.2185141848329285,-4.208279373749157
1773535161.2983537,0.5541727617383003,0.0,6410,5026,1.8888485915443047,-0.2102735619505768,-4.205240904887244
1773535161.318408,0.5541727617383003,0.0,6425,5041,1.884421363779174,-0.20230548241163035,-4.205240904887244
1773535161.3384755,0.5541727617383003,0.0,6441,5056,1.8798590759233589,-0.19406485952927865,-4.208279373749157
1773535161.3584208,0.5541727617383003,0.0,6456,5072,1.8752967880675437,-0.18582423664692696,-4.205240904887244
1773535161.3784044,0.5541727617383003,0.0,6471,5087,1.870869560302413,-0.1778561571079805,-4.205240904887244
1773535161.3983824,0.5541727617383003,0.0,6486,5103,1.8662822546692677,-0.16962943461378086,-4.202202436025331
1773535161.4183655,0.5541727617383003,0.0,6501,5118,1.8618308366165384,-0.16167484382963884,-4.202202436025331
1773535161.4384086,0.5541727617383003,0.0,6517,5133,1.857243530983393,-0.1534481213354392,-4.205240904887244
1773535161.4583917,0.5541727617383003,0.0,6532,5149,1.8526562253502477,-0.14522139884123955,-4.202202436025331
1773535161.4783762,0.5541727617383003,0.0,6547,5164,1.8482048072975183,-0.13726680805709754,-4.202202436025331
1773535161.4983673,0.5541727617383003,0.0,6563,5179,1.843617501664373,-0.1290400855628979,-4.205240904887244
1773535161.5183992,0.5541727617383003,0.0,6578,5194,1.8391902738992423,-0.12107200602395145,-4.205240904887244
1773535161.538374,0.5541727617383003,0.0,6593,5210,1.834602968266097,-0.11284528352975182,-4.202202436025331
1773535161.5583973,0.5541727617383003,0.0,6608,5225,1.8301515502133676,-0.1048906927456098,-4.202202436025331
1773535161.5784078,0.5541727617383003,0.0,6624,5240,1.8255642445802223,-0.09666397025141017,-4.205240904887244
1773535161.5983484,0.5541727617383003,0.0,6639,5256,1.820976938947077,-0.08843724775721054,-4.202202436025331
1773535161.6183915,0.5541727617383003,0.0,6655,5271,1.8163896333139316,-0.08021052526301091,-4.205240904887244
1773535161.6384025,0.5541727617383003,0.0,6670,5287,1.8118023276807862,-0.07198380276881128,-4.202202436025331
1773535161.6584353,0.5541727617383003,0.0,6685,5302,1.807350909628057,-0.06402921198466927,-4.202202436025331
1773535161.6784244,0.5541727617383003,0.0,6700,5316,1.80305955919705,-0.056333245780418,-4.205240904887244
1773535161.6983662,0.5541727617383003,0.0,6715,5331,1.7986323314319193,-0.04836516624147155,-4.205240904887244
1773535161.7184117,0.5541727617383003,0.0,6730,5346,1.7942051036667885,-0.040397086702525106,-4.205240904887244
1773535161.7383897,0.5541727617383003,0.0,6745,5361,1.7897778759016578,-0.03242900716357866,-4.205240904887244
1773535161.7584457,0.5541727617383003,0.0,6760,5376,1.785350648136527,-0.02446092762463221,-4.205240904887244
1773535161.7784069,0.5541727617383003,0.0,6776,5391,1.780788360280712,-0.01622030474228052,-4.208279373749157
1773535161.7983775,0.5541727617383003,0.0,6791,5406,1.7763853636766125,-0.008238810012118182,-4.208279373749157
1773535161.8184323,0.5541727617383003,0.0,6807,5422,1.771688833965573,0.0002747843667216445,-4.208279373749157
1773535161.8385932,0.5541727617383003,0.0,6823,5438,1.7669923042545335,0.008788378745561471,-4.208279373749157
1773535161.8583896,0.558300793170929,0.0,6838,5454,1.7624300163987183,0.01702900162791316,-4.205240904887244
1773535161.8784568,0.558300793170929,0.0,6854,5469,1.7578677285429032,0.02526962451026485,-4.208279373749157
1773535161.8984168,0.558300793170929,0.0,6870,5485,1.7531711988318637,0.033783218889104676,-4.208279373749157
1773535161.9184308,0.558300793170929,0.0,6885,5500,1.7487682022277642,0.041764713619267015,-4.208279373749157
1773535161.938377,0.558300793170929,0.0,6901,5516,1.7440716725167247,0.05027830799810684,-4.208279373749157
1773535161.958389,0.558300793170929,0.0,6916,5531,1.7396686759126252,0.05825980272826918,-4.208279373749157
1773535161.9783928,0.558300793170929,0.0,6931,5546,1.7352656793085257,0.06624129745843152,-4.208279373749157
1773535161.9984083,0.558300793170929,0.0,6946,5561,1.7308626827044262,0.07422279218859386,-4.208279373749157
1773535162.018394,0.5541727617383003,0.0,6961,5576,1.7264596861003267,0.0822042869187562,-4.208279373749157
1773535162.0384026,0.558300793170929,0.0,6976,5591,1.7220566894962273,0.09018578164891854,-4.208279373749157
1773535162.0584447,0.558300793170929,0.0,6991,5606,1.7176536928921278,0.09816727637908088,-4.208279373749157
1773535162.0783913,0.558300793170929,0.0,7006,5621,1.7132506962880283,0.10614877110924321,-4.208279373749157
1773535162.0983965,0.558300793170929,0.0,7022,5636,1.7087134683298892,0.11440321829996034,-4.21131784261107
1773535162.1184185,0.558300793170929,0.0,7038,5652,1.7040428285503215,0.12293104361615959,-4.21131784261107
1773535162.1384697,0.558300793170929,0.0,7053,5668,1.6995056005921825,0.13118549080687672,-4.208279373749157
1773535162.1584318,0.558300793170929,0.0,7069,5683,1.6949683726340434,0.13943993799759385,-4.21131784261107
1773535162.178418,0.558300793170929,0.0,7084,5698,1.6905896478406988,0.14743477423153065,-4.21131784261107
1773535162.1983974,0.558300793170929,0.0,7099,5713,1.686210923047354,0.15542961046546744,-4.21131784261107
1773535162.2184198,0.558300793170929,0.0,7114,5728,1.6818321982540094,0.16342444669940423,-4.21131784261107
1773535162.2383823,0.558300793170929,0.0,7129,5743,1.6774534734606648,0.17141928293334102,-4.21131784261107
1773535162.2584329,0.558300793170929,0.0,7145,5759,1.672782833681097,0.17994710824954027,-4.21131784261107
1773535162.2784188,0.558300793170929,0.0,7160,5774,1.6684041088877524,0.18794194448347706,-4.21131784261107
1773535162.2983654,0.558300793170929,0.0,7176,5790,1.6637334691081846,0.1964697697996763,-4.21131784261107
1773535162.3184438,0.558300793170929,0.0,7191,5805,1.65935474431484,0.2044646060336131,-4.21131784261107
1773535162.3383832,0.558300793170929,0.0,7206,5820,1.6549760195214953,0.2124594422675499,-4.21131784261107
1773535162.3583584,0.558300793170929,0.0,7221,5834,1.650754998264307,0.22019420560491482,-4.214356311472983
1773535162.3784497,0.558300793170929,0.0,7236,5849,1.6464005857073563,0.22820230953201207,-4.214356311472983
1773535162.3984003,0.5624288208782673,0.0,7251,5864,1.6420461731504055,0.23621041345910931,-4.214356311472983
1773535162.4183955,0.5624288208782673,0.0,7266,5879,1.6376917605934547,0.24421851738620656,-4.214356311472983
1773535162.4383924,0.5624288208782673,0.0,7281,5894,1.6333373480365039,0.2522266213133038,-4.214356311472983
1773535162.4583848,0.5624288208782673,0.0,7296,5910,1.6288252218650268,0.26049481660496976,-4.21131784261107
1773535162.4783876,0.5624288208782673,0.0,7312,5926,1.624154582085459,0.269022641921169,-4.21131784261107
1773535162.498421,0.5624288208782673,0.0,7328,5941,1.619642455913982,0.27729083721283493,-4.214356311472983
1773535162.5183816,0.5665568560361862,0.0,7343,5956,1.6152880433570311,0.28529894113993215,-4.214356311472983
1773535162.5384083,0.5665568560361862,0.0,7358,5972,1.610775917185554,0.2935671364315981,-4.21131784261107
1773535162.558428,0.5665568560361862,0.0,7374,5986,1.6064215046286032,0.3015752403586953,-4.217394780334896
1773535162.5783975,0.5706848800182343,0.0,7388,6001,1.6022240046576446,0.3093227934132077,-4.214356311472983
1773535162.5983806,0.5706848800182343,0.0,7403,6016,1.5978695921006938,0.3173308973403049,-4.214356311472983
1773535162.618385,0.5706848800182343,0.0,7418,6032,1.5933574659292167,0.32559909263197084,-4.21131784261107
1773535162.6384377,0.5706848800182343,0.0,7434,6048,1.588686826149649,0.33412691794817007,-4.21131784261107
1773535162.6584098,0.5748129114508629,0.0,7451,6064,1.583883595063883,0.34292854519413707,-4.214356311472983
1773535162.6783998,0.5789409428834915,0.0,7467,6080,1.579238888336469,0.35147052271637413,-4.214356311472983
1773535162.6983864,0.5789409428834915,0.0,7482,6096,1.5747267621649919,0.3597387180080401,-4.21131784261107
1773535162.7183878,0.5830689743161201,0.0,7498,6112,1.5700561223854241,0.3682665433242393,-4.21131784261107
1773535162.7383754,0.5830689743161201,0.0,7514,6128,1.5653854826058564,0.3767943686404385,-4.21131784261107
1773535162.75845,0.5830689743161201,0.0,7530,6144,1.5607148428262887,0.38532219395663775,-4.21131784261107
1773535162.7783895,0.5871969982981682,0.0,7546,6161,1.5558848904837534,0.39410918612740115,-4.208279373749157
1773535162.7983875,0.5913250297307968,0.0,7562,6177,1.551188360772714,0.40262278050624095,-4.208279373749157
1773535162.8183594,0.5913250297307968,0.0,7578,6193,1.5464918310616744,0.41113637488508076,-4.208279373749157
1773535162.8383555,0.5913250297307968,0.0,7594,6209,1.541795301350635,0.41964996926392056,-4.208279373749157
1773535162.858396,0.5913250297307968,0.0,7610,6226,1.5369386723428318,0.42842224523545624,-4.205240904887244
1773535162.8784199,0.5871969982981682,0.0,7627,6243,1.5319211475423504,0.43745273537959556,-4.205240904887244
1773535162.8983657,0.5706848800182343,0.0,7644,6259,1.5270645185345473,0.44622501135113124,-4.208279373749157
1773535162.9185355,0.5,0.0,7661,6276,1.522074455716568,0.45527070537864855,-4.208279373749157
1773535162.9384093,0.2683058828115463,0.0,7676,6291,1.5176714591124685,0.4632522001088109,-4.208279373749157
1773535162.958459,0.24766573309898376,0.0,7690,6304,1.5137196799231216,0.4704415573394355,-4.21131784261107
1773535162.9784007,0.0,0.0,7700,6314,1.5108005300608918,0.47577144816206,-4.21131784261107
1773535162.998383,0.0,0.0,7707,6321,1.5087571251573308,0.47950237173789717,-4.21131784261107
1773535163.018379,0.0,0.0,7713,6327,1.507005635239993,0.48270030623147187,-4.21131784261107
1773535163.0383768,0.0,0.0,7717,6331,1.505837975295101,0.4848322625605217,-4.21131784261107
1773535163.0584443,0.0,0.0,7721,6335,1.504670315350209,0.48696421888957153,-4.21131784261107
1773535163.0784323,0.0,0.0,7725,6339,1.503502655405317,0.48909617521862137,-4.21131784261107
1773535163.0983586,0.0,0.0,7727,6342,1.5027708444443268,0.49042753766873703,-4.208279373749157
1773535163.118373,0.0,0.0,7730,6345,1.501890245123507,0.4920238366147695,-4.208279373749157
1773535163.1383889,0.0,0.0,7731,6347,1.5014487333955249,0.49282131624854547,-4.205240904887244
1773535163.158365,0.0,0.0,7731,6347,1.5014487333955249,0.49282131624854547,-4.205240904887244
1773535163.1783745,0.0,0.0,7731,6347,1.5014487333955249,0.49282131624854547,-4.205240904887244
1773535163.1983666,0.0,0.0,7731,6347,1.5014487333955249,0.49282131624854547,-4.205240904887244
1773535163.2183905,0.0,0.0,7731,6347,1.5014487333955249,0.49282131624854547,-4.205240904887244
1773535163.2383382,0.0,0.0,7731,6347,1.5014487333955249,0.49282131624854547,-4.205240904887244
1773535163.258422,0.0,0.0,7731,6347,1.5014487333955249,0.49282131624854547,-4.205240904887244
1773535163.278363,0.0,0.0,7731,6347,1.5014487333955249,0.49282131624854547,-4.205240904887244
1773535163.2983348,0.0,0.0,7731,6347,1.5014487333955249,0.49282131624854547,-4.205240904887244
1773535163.31835,0.0,0.0,7731,6347,1.5014487333955249,0.49282131624854547,-4.205240904887244
1773535163.338403,0.0,0.0,7731,6347,1.5014487333955249,0.49282131624854547,-4.205240904887244
1773535163.3583379,0.0,0.0,7731,6347,1.5014487333955249,0.49282131624854547,-4.205240904887244
1773535163.378435,0.0,0.0,7731,6347,1.5014487333955249,0.49282131624854547,-4.205240904887244
1773535163.3983493,0.0,0.0,7731,6347,1.5014487333955249,0.49282131624854547,-4.205240904887244
1773535163.4183683,0.0,0.0,7731,6347,1.5014487333955249,0.49282131624854547,-4.205240904887244
1773535163.4383612,0.0,0.0,7731,6347,1.5014487333955249,0.49282131624854547,-4.205240904887244
1773535163.4584012,0.0,0.0,7731,6347,1.5014487333955249,0.49282131624854547,-4.205240904887244
1773535163.4783287,0.0,0.0,7731,6347,1.5014487333955249,0.49282131624854547,-4.205240904887244
1773535163.4983957,0.0,0.0,7731,6347,1.5014487333955249,0.49282131624854547,-4.205240904887244
1773535163.5183992,0.0,0.0,7731,6347,1.5014487333955249,0.49282131624854547,-4.205240904887244
1773535163.5383277,0.0,0.0,7731,6347,1.5014487333955249,0.49282131624854547,-4.205240904887244
1773535163.558411,0.0,0.0,7731,6347,1.5014487333955249,0.49282131624854547,-4.205240904887244
1773535163.5783768,0.0,0.0,7731,6347,1.5014487333955249,0.49282131624854547,-4.205240904887244
1773535163.5983396,0.0,0.0,7731,6347,1.5014487333955249,0.49282131624854547,-4.205240904887244
1773535163.618346,0.0,0.0,7731,6347,1.5014487333955249,0.49282131624854547,-4.205240904887244
1773535163.6383772,0.0,0.0,7731,6347,1.5014487333955249,0.49282131624854547,-4.205240904887244
1773535163.6583335,0.0,0.0,7731,6347,1.5014487333955249,0.49282131624854547,-4.205240904887244
1773535163.67836,0.0,0.0,7731,6347,1.5014487333955249,0.49282131624854547,-4.205240904887244
1773535163.6983368,0.0,0.0,7731,6347,1.5014487333955249,0.49282131624854547,-4.205240904887244
1773535163.7183504,0.0,0.0,7731,6347,1.5014487333955249,0.49282131624854547,-4.205240904887244
1773535163.7383323,0.0,0.0,7731,6347,1.5014487333955249,0.49282131624854547,-4.205240904887244
1773535163.7583668,0.0,0.0,7731,6347,1.5014487333955249,0.49282131624854547,-4.205240904887244
1773535163.7783673,0.0,0.0,7731,6347,1.5014487333955249,0.49282131624854547,-4.205240904887244
1773535163.798339,0.0,0.0,7731,6347,1.5014487333955249,0.49282131624854547,-4.205240904887244
1773535163.818337,0.0,0.0,7731,6347,1.5014487333955249,0.49282131624854547,-4.205240904887244
1773535163.8383322,0.0,0.0,7731,6347,1.5014487333955249,0.49282131624854547,-4.205240904887244
1773535163.8583522,0.0,0.0,7731,6347,1.5014487333955249,0.49282131624854547,-4.205240904887244
1773535163.878366,0.0,0.0,7731,6347,1.5014487333955249,0.49282131624854547,-4.205240904887244
1773535163.898357,0.0,0.0,7731,6347,1.5014487333955249,0.49282131624854547,-4.205240904887244
1773535163.9184396,0.0,0.0,7731,6347,1.5014487333955249,0.49282131624854547,-4.205240904887244
1773535163.9383461,0.0,0.0,7731,6347,1.5014487333955249,0.49282131624854547,-4.205240904887244
1773535163.958419,0.0,0.0,7731,6347,1.5014487333955249,0.49282131624854547,-4.205240904887244
1773535163.9783661,0.0,0.0,7731,6347,1.5014487333955249,0.49282131624854547,-4.205240904887244
1773535163.9983268,0.0,0.0,7731,6347,1.5014487333955249,0.49282131624854547,-4.205240904887244
1773535164.0183687,0.0,0.0,7731,6347,1.5014487333955249,0.49282131624854547,-4.205240904887244
1773535164.0383375,0.0,0.0,7731,6347,1.5014487333955249,0.49282131624854547,-4.205240904887244
1773535164.058383,0.0,0.0,7731,6347,1.5014487333955249,0.49282131624854547,-4.205240904887244
1773535164.0783603,0.0,0.0,7731,6347,1.5014487333955249,0.49282131624854547,-4.205240904887244
1773535164.0983286,0.0,0.0,7731,6347,1.5014487333955249,0.49282131624854547,-4.205240904887244
1773535164.1183949,0.0,0.0,7731,6347,1.5014487333955249,0.49282131624854547,-4.205240904887244
1773535164.1383414,0.0,0.0,7731,6347,1.5014487333955249,0.49282131624854547,-4.205240904887244
1773535164.1583474,0.0,0.0,7731,6347,1.5014487333955249,0.49282131624854547,-4.205240904887244
1773535164.1783507,0.0,0.0,7731,6347,1.5014487333955249,0.49282131624854547,-4.205240904887244
1773535164.1983492,0.0,0.0,7731,6347,1.5014487333955249,0.49282131624854547,-4.205240904887244
1773535164.2183387,0.0,0.0,7731,6347,1.5014487333955249,0.49282131624854547,-4.205240904887244
1773535164.238343,0.0,0.0,7731,6347,1.5014487333955249,0.49282131624854547,-4.205240904887244
1773535164.258341,0.0,0.0,7731,6347,1.5014487333955249,0.49282131624854547,-4.205240904887244
1773535164.2783842,0.0,0.0,7731,6347,1.5014487333955249,0.49282131624854547,-4.205240904887244
1773535164.2983425,0.0,0.0,7731,6347,1.5014487333955249,0.49282131624854547,-4.205240904887244
1773535164.3183532,0.0,0.0,7731,6347,1.5014487333955249,0.49282131624854547,-4.205240904887244
1773535164.338335,0.0,0.0,7731,6347,1.5014487333955249,0.49282131624854547,-4.205240904887244
1773535164.3583362,0.0,0.0,7731,6347,1.5014487333955249,0.49282131624854547,-4.205240904887244
1773535164.3783398,0.0,0.0,7731,6347,1.5014487333955249,0.49282131624854547,-4.205240904887244
1773535164.398614,0.0,0.0,7731,6347,1.5014487333955249,0.49282131624854547,-4.205240904887244
1773535164.41862,0.0,0.0,7731,6347,1.5014487333955249,0.49282131624854547,-4.205240904887244
1773535164.4385216,0.0,0.0,7731,6347,1.5014487333955249,0.49282131624854547,-4.205240904887244
1773535164.4584587,0.0,0.0,7731,6347,1.5014487333955249,0.49282131624854547,-4.205240904887244
1773535164.4783294,0.0,0.0,7731,6347,1.5014487333955249,0.49282131624854547,-4.205240904887244
1773535164.4983795,0.0,0.0,7731,6347,1.5014487333955249,0.49282131624854547,-4.205240904887244
1773535164.5183423,0.0,0.0,7731,6347,1.5014487333955249,0.49282131624854547,-4.205240904887244
1773535164.5383723,0.0,0.0,7731,6347,1.5014487333955249,0.49282131624854547,-4.205240904887244
1773535164.558409,0.0,0.0,7731,6347,1.5014487333955249,0.49282131624854547,-4.205240904887244
1773535164.578343,0.0,0.0,7731,6347,1.5014487333955249,0.49282131624854547,-4.205240904887244
1773535164.598387,0.0,0.0,7731,6347,1.5014487333955249,0.49282131624854547,-4.205240904887244
1773535164.618347,0.0,0.0,7731,6347,1.5014487333955249,0.49282131624854547,-4.205240904887244
1773535164.6383474,0.0,0.0,7731,6347,1.5014487333955249,0.49282131624854547,-4.205240904887244
1773535164.658344,0.0,0.0,7731,6347,1.5014487333955249,0.49282131624854547,-4.205240904887244
1773535164.6783748,0.0,0.0,7731,6347,1.5014487333955249,0.49282131624854547,-4.205240904887244
1773535164.6983788,0.0,0.0,7731,6347,1.5014487333955249,0.49282131624854547,-4.205240904887244
1773535164.7183468,0.0,0.0,7731,6347,1.5014487333955249,0.49282131624854547,-4.205240904887244
1773535164.738344,0.0,0.0,7731,6347,1.5014487333955249,0.49282131624854547,-4.205240904887244
1773535164.758411,0.0,0.0,7731,6347,1.5014487333955249,0.49282131624854547,-4.205240904887244
1773535164.7783551,0.0,0.0,7731,6347,1.5014487333955249,0.49282131624854547,-4.205240904887244
1773535164.798339,0.0,0.0,7731,6347,1.5014487333955249,0.49282131624854547,-4.205240904887244
1773535164.8183386,0.0,0.0,7731,6347,1.5014487333955249,0.49282131624854547,-4.205240904887244
1773535164.838351,0.0,0.0,7731,6347,1.5014487333955249,0.49282131624854547,-4.205240904887244
1773535164.8583825,0.0,0.0,7731,6347,1.5014487333955249,0.49282131624854547,-4.205240904887244
1773535164.8783488,0.0,0.0,7731,6347,1.5014487333955249,0.49282131624854547,-4.205240904887244
1773535164.8983343,0.0,0.0,7731,6347,1.5014487333955249,0.49282131624854547,-4.205240904887244
1773535164.9183364,0.0,0.0,7731,6347,1.5014487333955249,0.49282131624854547,-4.205240904887244
1773535164.9383702,0.0,0.0,7731,6347,1.5014487333955249,0.49282131624854547,-4.205240904887244
1773535164.9583392,0.0,0.0,7731,6347,1.5014487333955249,0.49282131624854547,-4.205240904887244
1773535164.9783413,0.0,0.0,7731,6347,1.5014487333955249,0.49282131624854547,-4.205240904887244
1773535164.9983456,0.0,0.0,7731,6347,1.5014487333955249,0.49282131624854547,-4.205240904887244
1773535165.0183423,0.0,0.0,7731,6347,1.5014487333955249,0.49282131624854547,-4.205240904887244
1773535165.0383363,0.0,0.0,7731,6347,1.5014487333955249,0.49282131624854547,-4.205240904887244
1773535165.0583737,0.0,0.0,7731,6347,1.5014487333955249,0.49282131624854547,-4.205240904887244
1773535165.0783603,0.0,0.0,7731,6347,1.5014487333955249,0.49282131624854547,-4.205240904887244
1773535165.0983617,0.0,0.0,7731,6347,1.5014487333955249,0.49282131624854547,-4.205240904887244
1773535165.118344,0.0,0.0,7731,6347,1.5014487333955249,0.49282131624854547,-4.205240904887244
1773535165.1383271,0.0,0.0,7731,6347,1.5014487333955249,0.49282131624854547,-4.205240904887244
1773535165.1583276,0.0,0.0,7731,6347,1.5014487333955249,0.49282131624854547,-4.205240904887244
1773535165.1783476,0.0,0.0,7731,6347,1.5014487333955249,0.49282131624854547,-4.205240904887244
1773535165.1983414,0.0,0.0,7731,6347,1.5014487333955249,0.49282131624854547,-4.205240904887244
1773535165.2183423,0.0,0.0,7731,6347,1.5014487333955249,0.49282131624854547,-4.205240904887244
1773535165.2383366,0.0,0.0,7731,6347,1.5014487333955249,0.49282131624854547,-4.205240904887244
1773535165.2583587,0.0,0.0,7731,6347,1.5014487333955249,0.49282131624854547,-4.205240904887244
1773535165.2783437,0.0,0.0,7731,6347,1.5014487333955249,0.49282131624854547,-4.205240904887244
1773535165.2983499,0.0,0.0,7731,6347,1.5014487333955249,0.49282131624854547,-4.205240904887244
1773535165.3183768,0.0,0.0,7731,6347,1.5014487333955249,0.49282131624854547,-4.205240904887244
1773535165.3385715,0.0,0.0,7731,6347,1.5014487333955249,0.49282131624854547,-4.205240904887244
1773535165.3583183,0.0,0.0,7731,6347,1.5014487333955249,0.49282131624854547,-4.205240904887244
1773535165.3783267,0.0,0.0,7731,6347,1.5014487333955249,0.49282131624854547,-4.205240904887244
1773535165.3983033,0.0,0.0,7731,6347,1.5014487333955249,0.49282131624854547,-4.205240904887244
1773535165.4183586,0.0,0.0,7731,6347,1.5014487333955249,0.49282131624854547,-4.205240904887244
1773535165.4383385,0.0,0.0,7731,6347,1.5014487333955249,0.49282131624854547,-4.205240904887244
1773535165.458336,0.0,0.0,7731,6347,1.5014487333955249,0.49282131624854547,-4.205240904887244
1773535165.4783401,0.0,0.0,7731,6347,1.5014487333955249,0.49282131624854547,-4.205240904887244
1773535165.49842,0.0,0.0,7731,6347,1.5014487333955249,0.49282131624854547,-4.205240904887244
1773535165.5183358,0.0,0.0,7731,6347,1.5014487333955249,0.49282131624854547,-4.205240904887244
1773535165.538407,0.0,0.0,7731,6347,1.5014487333955249,0.49282131624854547,-4.205240904887244
1773535165.5583787,0.0,0.0,7731,6347,1.5014487333955249,0.49282131624854547,-4.205240904887244
1773535165.578456,0.0,0.0,7731,6347,1.5014487333955249,0.49282131624854547,-4.205240904887244
1773535165.5984569,0.0,0.0,7731,6347,1.5014487333955249,0.49282131624854547,-4.205240904887244
1773535165.6183383,0.0,0.0,7731,6347,1.5014487333955249,0.49282131624854547,-4.205240904887244
1773535165.6383314,0.0,0.0,7731,6347,1.5014487333955249,0.49282131624854547,-4.205240904887244
1773535165.658336,0.0,0.0,7731,6347,1.5014487333955249,0.49282131624854547,-4.205240904887244
1773535165.6784825,0.0,0.0,7731,6347,1.5014487333955249,0.49282131624854547,-4.205240904887244
1773535165.6983654,0.0,0.0,7731,6347,1.5014487333955249,0.49282131624854547,-4.205240904887244
1773535165.7183616,0.0,0.0,7731,6347,1.5014487333955249,0.49282131624854547,-4.205240904887244
1773535165.738351,0.0,0.0,7731,6347,1.5014487333955249,0.49282131624854547,-4.205240904887244
1773535165.7583818,0.0,0.0,7731,6347,1.5014487333955249,0.49282131624854547,-4.205240904887244
1773535165.7783532,0.0,0.0,7731,6347,1.5014487333955249,0.49282131624854547,-4.205240904887244
1773535165.7983322,0.0,0.0,7731,6347,1.5014487333955249,0.49282131624854547,-4.205240904887244
1773535165.8183446,0.0,0.0,7731,6347,1.5014487333955249,0.49282131624854547,-4.205240904887244
1773535165.8383384,0.0,0.0,7731,6347,1.5014487333955249,0.49282131624854547,-4.205240904887244
1773535165.8584113,0.0,0.0,7731,6347,1.5014487333955249,0.49282131624854547,-4.205240904887244
1773535165.878354,0.0,0.0,7731,6347,1.5014487333955249,0.49282131624854547,-4.205240904887244
1773535165.898329,0.0,0.0,7731,6347,1.5014487333955249,0.49282131624854547,-4.205240904887244
1773535165.918333,0.0,0.0,7731,6347,1.5014487333955249,0.49282131624854547,-4.205240904887244
1773535165.9383447,0.0,0.0,7731,6347,1.5014487333955249,0.49282131624854547,-4.205240904887244
1773535165.958339,0.0,0.0,7731,6347,1.5014487333955249,0.49282131624854547,-4.205240904887244
1773535165.978321,0.0,0.0,7731,6347,1.5014487333955249,0.49282131624854547,-4.205240904887244
1773535165.9983249,0.0,0.0,7731,6347,1.5014487333955249,0.49282131624854547,-4.205240904887244
1773535166.0183296,0.0,0.0,7731,6347,1.5014487333955249,0.49282131624854547,-4.205240904887244
1773535166.0383391,0.0,0.0,7731,6347,1.5014487333955249,0.49282131624854547,-4.205240904887244
1773535166.0583904,0.0,0.0,7731,6347,1.5014487333955249,0.49282131624854547,-4.205240904887244
1773535166.0783532,0.0,0.0,7731,6347,1.5014487333955249,0.49282131624854547,-4.205240904887244
1773535166.0983396,0.0,0.0,7731,6347,1.5014487333955249,0.49282131624854547,-4.205240904887244
1773535166.1183271,0.0,0.0,7731,6347,1.5014487333955249,0.49282131624854547,-4.205240904887244
1773535166.1383362,0.0,0.0,7731,6347,1.5014487333955249,0.49282131624854547,-4.205240904887244
1773535166.1583407,0.0,0.0,7731,6347,1.5014487333955249,0.49282131624854547,-4.205240904887244
1773535166.1783297,0.0,0.0,7731,6347,1.5014487333955249,0.49282131624854547,-4.205240904887244
1773535166.1983397,0.0,0.0,7731,6347,1.5014487333955249,0.49282131624854547,-4.205240904887244
1773535166.2183328,0.0,0.0,7731,6347,1.5014487333955249,0.49282131624854547,-4.205240904887244
1773535166.2383661,0.0,0.0,7731,6347,1.5014487333955249,0.49282131624854547,-4.205240904887244
1773535166.2584655,0.0,0.0,7731,6347,1.5014487333955249,0.49282131624854547,-4.205240904887244
1773535166.278411,0.0,0.0,7731,6347,1.5014487333955249,0.49282131624854547,-4.205240904887244
1773535166.2983284,0.0,0.0,7731,6347,1.5014487333955249,0.49282131624854547,-4.205240904887244
1773535166.318334,0.0,0.0,7731,6347,1.5014487333955249,0.49282131624854547,-4.205240904887244
1773535166.3383393,0.0,0.0,7731,6347,1.5014487333955249,0.49282131624854547,-4.205240904887244
1773535166.358326,0.0,0.0,7731,6347,1.5014487333955249,0.49282131624854547,-4.205240904887244
1773535166.3783543,0.0,0.0,7731,6347,1.5014487333955249,0.49282131624854547,-4.205240904887244
1773535166.398335,0.0,0.0,7731,6347,1.5014487333955249,0.49282131624854547,-4.205240904887244
1773535166.418352,0.0,0.0,7731,6347,1.5014487333955249,0.49282131624854547,-4.205240904887244
1773535166.43833,0.0,0.0,7731,6347,1.5014487333955249,0.49282131624854547,-4.205240904887244
1773535166.4583719,0.0,0.0,7731,6347,1.5014487333955249,0.49282131624854547,-4.205240904887244
1773535166.4783626,0.0,0.0,7731,6347,1.5014487333955249,0.49282131624854547,-4.205240904887244
1773535166.498524,0.0,0.0,7731,6347,1.5014487333955249,0.49282131624854547,-4.205240904887244
1773535166.5183585,0.0,0.0,7731,6347,1.5014487333955249,0.49282131624854547,-4.205240904887244
1773535166.5383956,0.0,0.0,7731,6347,1.5014487333955249,0.49282131624854547,-4.205240904887244
1773535166.5583367,0.0,0.0,7731,6347,1.5014487333955249,0.49282131624854547,-4.205240904887244
1773535166.5783896,0.0,0.0,7731,6347,1.5014487333955249,0.49282131624854547,-4.205240904887244
1773535166.598362,0.0,0.0,7731,6347,1.5014487333955249,0.49282131624854547,-4.205240904887244
1773535166.618354,0.0,0.0,7731,6347,1.5014487333955249,0.49282131624854547,-4.205240904887244
1773535166.6383913,0.0,0.0,7731,6347,1.5014487333955249,0.49282131624854547,-4.205240904887244
1773535166.658326,0.0,0.0,7731,6347,1.5014487333955249,0.49282131624854547,-4.205240904887244
1773535166.678346,0.0,0.0,7731,6347,1.5014487333955249,0.49282131624854547,-4.205240904887244
1773535166.6983511,0.0,0.0,7731,6347,1.5014487333955249,0.49282131624854547,-4.205240904887244
1773535166.7183325,0.0,0.0,7731,6347,1.5014487333955249,0.49282131624854547,-4.205240904887244
1773535166.7383745,0.0,0.0,7731,6347,1.5014487333955249,0.49282131624854547,-4.205240904887244
1773535166.7584376,0.0,0.0,7731,6347,1.5014487333955249,0.49282131624854547,-4.205240904887244
1773535166.7783406,0.0,0.0,7731,6347,1.5014487333955249,0.49282131624854547,-4.205240904887244
1773535166.7983382,0.0,0.0,7731,6347,1.5014487333955249,0.49282131624854547,-4.205240904887244
1773535166.81834,0.0,0.0,7731,6347,1.5014487333955249,0.49282131624854547,-4.205240904887244
1773535166.8383765,0.0,0.0,7731,6347,1.5014487333955249,0.49282131624854547,-4.205240904887244
1773535166.858474,0.0,0.0,7731,6347,1.5014487333955249,0.49282131624854547,-4.205240904887244
1773535166.878362,0.0,0.0,7731,6347,1.5014487333955249,0.49282131624854547,-4.205240904887244
1773535166.8983452,0.0,0.0,7731,6347,1.5014487333955249,0.49282131624854547,-4.205240904887244
1773535166.918333,0.0,0.0,7731,6347,1.5014487333955249,0.49282131624854547,-4.205240904887244
1773535166.938333,0.0,0.0,7731,6347,1.5014487333955249,0.49282131624854547,-4.205240904887244
1773535166.9583378,0.0,0.0,7731,6347,1.5014487333955249,0.49282131624854547,-4.205240904887244
1773535166.9783595,0.0,0.0,7731,6347,1.5014487333955249,0.49282131624854547,-4.205240904887244
1773535166.9983244,0.0,0.0,7731,6347,1.5014487333955249,0.49282131624854547,-4.205240904887244
1773535167.018393,0.0,0.0,7731,6347,1.5014487333955249,0.49282131624854547,-4.205240904887244
1773535167.0383673,0.0,0.0,7731,6347,1.5014487333955249,0.49282131624854547,-4.205240904887244
1773535167.0584633,0.0,0.0,7731,6347,1.5014487333955249,0.49282131624854547,-4.205240904887244
1773535167.078335,0.0,0.0,7731,6347,1.5014487333955249,0.49282131624854547,-4.205240904887244
1773535167.0983458,0.0,0.0,7731,6347,1.5014487333955249,0.49282131624854547,-4.205240904887244
1773535167.1183352,0.0,0.0,7731,6347,1.5014487333955249,0.49282131624854547,-4.205240904887244
1773535167.1383421,0.0,0.0,7731,6347,1.5014487333955249,0.49282131624854547,-4.205240904887244
1773535167.1583588,0.0,0.0,7731,6347,1.5014487333955249,0.49282131624854547,-4.205240904887244
1773535167.178346,0.0,0.0,7731,6347,1.5014487333955249,0.49282131624854547,-4.205240904887244
1773535167.198351,0.0,0.0,7731,6347,1.5014487333955249,0.49282131624854547,-4.205240904887244
1773535167.2183366,0.0,0.0,7731,6347,1.5014487333955249,0.49282131624854547,-4.205240904887244
1773535167.2383506,0.0,0.0,7731,6347,1.5014487333955249,0.49282131624854547,-4.205240904887244
1773535167.2583253,0.0,0.0,7731,6347,1.5014487333955249,0.49282131624854547,-4.205240904887244
1773535167.278393,0.0,0.0,7731,6347,1.5014487333955249,0.49282131624854547,-4.205240904887244
1773535167.2983444,0.0,0.0,7731,6347,1.5014487333955249,0.49282131624854547,-4.205240904887244
1773535167.3183372,0.0,0.0,7731,6347,1.5014487333955249,0.49282131624854547,-4.205240904887244
1773535167.3383374,0.0,0.0,7731,6347,1.5014487333955249,0.49282131624854547,-4.205240904887244
1773535167.3583586,0.0,0.0,7731,6347,1.5014487333955249,0.49282131624854547,-4.205240904887244
1773535167.3783345,0.0,0.0,7731,6347,1.5014487333955249,0.49282131624854547,-4.205240904887244
1773535167.3983314,0.0,0.0,7731,6347,1.5014487333955249,0.49282131624854547,-4.205240904887244
1773535167.4183402,0.0,0.0,7731,6347,1.5014487333955249,0.49282131624854547,-4.205240904887244
1773535167.438344,0.0,0.0,7731,6347,1.5014487333955249,0.49282131624854547,-4.205240904887244
1773535167.458364,0.0,0.0,7731,6347,1.5014487333955249,0.49282131624854547,-4.205240904887244
