timestamp,left_cmd,right_cmd,left_out,right_out
0.0,0.0,0.0,0.0,0.0
0.012066364288330078,0.0,0.0,0.0,0.0
0.0320439338684082,0.0,0.0,0.0,0.0
0.052040815353393555,0.0,0.0,0.0,0.0
0.0720517635345459,0.0,0.0,0.0,0.0
0.09203886985778809,0.0,0.0,0.0,0.0
0.11203932762145996,0.0,0.0,0.0,0.0
0.13205194473266602,0.0,0.0,0.0,0.0
0.15204834938049316,0.0,0.0,0.0,0.0
0.1720428466796875,0.0,0.0,0.0,0.0
0.19205117225646973,0.0,0.0,0.0,0.0
0.2120370864868164,0.0,0.0,0.0,0.0
0.23200535774230957,0.0,0.0,0.0,0.0
0.2519669532775879,0.0,0.0,0.0,0.0
0.2719707489013672,0.0,0.0,0.0,0.0
0.291978120803833,0.0,0.0,0.0,0.0
0.31198644638061523,0.0,0.0,0.0,0.0
0.3320481777191162,0.0,0.0,0.0,0.0
0.3519730567932129,0.0,0.0,0.0,0.0
0.37196850776672363,0.0,0.0,0.0,0.0
0.39201807975769043,0.0,0.0,0.0,0.0
0.41200685501098633,0.0,0.0,0.0,0.0
0.43197035789489746,0.0,0.0,0.0,0.0
0.45198655128479004,0.0,0.0,0.0,0.0
0.47197961807250977,0.0,0.0,0.0,0.0
0.4920222759246826,0.0,0.0,0.0,0.0
0.5119922161102295,0.0,0.0,0.0,0.0
0.5320072174072266,0.0,0.0,0.0,0.0
0.5519845485687256,0.0,0.0,0.0,0.0
0.5722248554229736,0.0,0.0,0.0,0.0
0.591843843460083,0.0,0.0,0.0,0.0
0.6120219230651855,0.0,0.0,0.0,0.0
0.6320536136627197,0.0,0.0,0.0,0.0
0.6520392894744873,0.0,0.0,0.0,0.0
0.6720461845397949,0.0,0.0,0.0,0.0
0.6920478343963623,0.0,0.0,0.0,0.0
0.7119476795196533,0.0,0.0,0.0,0.0
0.7320387363433838,0.0,0.0,0.0,0.0
0.7520298957824707,0.0,0.0,0.0,0.0
0.7719790935516357,0.0,0.0,0.0,0.0
0.7919971942901611,0.0,0.0,0.0,0.0
0.8119473457336426,0.0,0.0,0.0,0.0
0.8319659233093262,0.0,0.0,0.0,0.0
0.8519613742828369,0.0,0.0,0.0,0.0
0.8719742298126221,0.0,0.0,0.0,0.0
0.8919792175292969,0.0,0.0,0.0,0.0
0.9119663238525391,0.0,0.0,0.0,0.0
0.9319610595703125,0.0,0.0,0.0,0.0
0.9519610404968262,0.0,0.0,0.0,0.0
0.971954345703125,0.0,0.0,0.0,0.0
0.992011308670044,0.0,0.0,0.0,0.0
1.0119624137878418,0.0,0.0,0.0,0.0
1.031980037689209,0.0,0.0,0.0,0.0
1.0519614219665527,0.0,0.0,0.0,0.0
1.0719630718231201,0.0,0.0,0.0,0.0
1.0919749736785889,0.0,0.0,0.0,0.0
1.111962080001831,0.0,0.0,0.0,0.0
1.1319735050201416,0.0,0.0,0.0,0.0
1.151968002319336,0.0,0.0,0.0,0.0
1.1719748973846436,0.0,0.0,0.0,0.0
1.1919541358947754,0.0,0.0,0.0,0.0
1.2119669914245605,0.0,0.0,0.0,0.0
1.2319793701171875,0.0,0.0,0.0,0.0
1.2519497871398926,0.0,0.0,0.0,0.0
1.2719519138336182,0.0,0.0,0.0,0.0
1.291956901550293,0.0,0.0,0.0,0.0
1.3119635581970215,0.0,0.0,0.0,0.0
1.3319592475891113,0.0,0.0,0.0,0.0
1.3519599437713623,0.0,0.0,0.0,0.0
1.3719606399536133,0.0,0.0,0.0,0.0
1.3919661045074463,0.0,0.0,0.0,0.0
1.4119892120361328,0.0,0.0,0.0,0.0
1.4319546222686768,0.0,0.0,0.0,0.0
1.451969861984253,0.0,0.0,0.0,0.0
1.4719550609588623,0.0,0.0,0.0,0.0
1.4919726848602295,0.0,0.0,0.0,0.0
1.5119197368621826,0.0,0.0,0.0,0.0
1.531984806060791,0.0,0.0,0.0,0.0
1.5519540309906006,0.0,0.0,0.0,0.0
1.5719552040100098,0.0,0.0,0.0,0.0
1.5919709205627441,0.0,0.0,0.0,0.0
1.6119678020477295,0.0,0.0,0.0,0.0
1.6317875385284424,0.0,0.0,0.0,0.0
1.651892900466919,1.0,0.21763934439859528,0.02707275755964264,0.020053894488624182
1.671945333480835,1.0,0.040285888701810116,0.02707275755964264,0.015040420866468134
1.691946268081665,1.0,-0.19439305453291145,0.028075452284073855,0.009024252519880881
1.71195650100708,1.0,-0.30242871018589756,0.028075452284073855,0.004010778897724836
1.7320952415466309,1.0,-0.335662661299072,0.028075452284073855,0.003008084173293627
1.752058744430542,1.0,-0.3640284466628973,0.02707275755964264,-0.001002694724431209
1.7719571590423584,1.0,-0.3640284466628973,0.02707275755964264,-0.0050134736221560455
1.7919161319732666,1.0,-0.35975267188817484,0.029078147008505063,-0.007018863071018464
1.8120460510253906,1.0,-0.3264948182072118,0.028075452284073855,-0.006016168346587254
1.8320591449737549,1.0,-0.2486140036448672,0.02707275755964264,-0.007018863071018464
1.851940631866455,1.0,-0.1477456246962118,0.028075452284073855,-0.006016168346587254
1.8719465732574463,1.0,-0.005313843611326359,0.02707275755964264,-0.0050134736221560455
1.891951084136963,1.0,0.6212593686590256,0.02707275755964264,-0.002005389448862418
1.9119219779968262,0.8255256712436676,0.8255256712436676,0.02707275755964264,0.006016168346587254
1.9319639205932617,0.8255256712436676,0.8255256712436676,0.026070062835211436,0.013035031417605718
1.9519476890563965,0.8255256712436676,0.8255256712436676,0.025067368110780225,0.015040420866468134
1.971951961517334,0.8255256712436676,0.8255256712436676,0.024064673386349017,0.018048505039761763
1.991945505142212,0.8461658656597137,0.8461658656597137,0.02306197866191781,0.020053894488624182
2.0120480060577393,0.8461658656597137,0.8461658656597137,0.024064673386349017,0.022059283937486598
2.0319623947143555,0.8461658656597137,0.8461658656597137,0.024064673386349017,0.024064673386349017
2.0519464015960693,0.8668060600757599,0.8668060600757599,0.025067368110780225,0.02306197866191781
2.072035551071167,0.8668060600757599,0.8668060600757599,0.025067368110780225,0.024064673386349017
2.0919439792633057,0.8461658656597137,0.8461658656597137,0.024064673386349017,0.024064673386349017
2.111956834793091,0.8472657022066414,0.8863464179448783,0.024064673386349017,0.024064673386349017
2.13196063041687,0.3489946918127016,1.0,0.024064673386349017,0.025067368110780225
2.151945114135742,-0.027928208294829573,1.0,0.018048505039761763,0.025067368110780225
2.171959161758423,-0.2320945697737476,1.0,0.010026947244312091,0.02707275755964264
2.1919641494750977,-0.32636412793961367,1.0,0.003008084173293627,0.02707275755964264
2.211940288543701,-0.37833499523093894,1.0,-0.002005389448862418,0.02707275755964264
2.2319531440734863,-0.3856271251820723,1.0,-0.006016168346587254,0.028075452284073855
2.251957893371582,-0.37462362876741484,1.0,-0.008021557795449672,0.028075452284073855
2.271962881088257,-0.24412422946352177,1.0,-0.009024252519880881,0.02707275755964264
2.291940927505493,1.0,1.0,-0.006016168346587254,0.028075452284073855
2.311941623687744,1.0,1.0,0.008021557795449672,0.028075452284073855
2.3319623470306396,1.0,1.0,0.019051199764192974,0.028075452284073855
2.351964235305786,1.0,1.0,0.022059283937486598,0.028075452284073855
2.371938467025757,1.0,1.0,0.02306197866191781,0.02707275755964264
2.391927719116211,1.0,1.0,0.024064673386349017,0.02707275755964264
2.41194486618042,1.0,1.0,0.024064673386349017,0.028075452284073855
2.431942939758301,1.0,1.0,0.026070062835211436,0.028075452284073855
2.4519364833831787,1.0,1.0,0.026070062835211436,0.028075452284073855
2.471937894821167,1.0,1.0,0.02707275755964264,0.02707275755964264
2.491960287094116,1.0,1.0,0.028075452284073855,0.028075452284073855
2.511932373046875,1.0,1.0,0.02707275755964264,0.029078147008505063
2.5319180488586426,1.0,1.0,0.028075452284073855,0.028075452284073855
2.5519654750823975,1.0,1.0,0.02707275755964264,0.028075452284073855
2.571953535079956,1.0,1.0,0.028075452284073855,0.028075452284073855
2.591953754425049,1.0,1.0,0.02707275755964264,0.028075452284073855
2.6119344234466553,1.0,1.0,0.028075452284073855,0.029078147008505063
2.6320414543151855,1.0,1.0,0.028075452284073855,0.028075452284073855
2.6520283222198486,1.0,1.0,0.02707275755964264,0.028075452284073855
2.6720192432403564,1.0,1.0,0.02707275755964264,0.028075452284073855
2.6920711994171143,1.0,1.0,0.028075452284073855,0.028075452284073855
2.7120444774627686,1.0,1.0,0.028075452284073855,0.029078147008505063
2.731943130493164,1.0,1.0,0.028075452284073855,0.028075452284073855
2.751953601837158,1.0,1.0,0.02707275755964264,0.028075452284073855
2.7719547748565674,1.0,1.0,0.028075452284073855,0.029078147008505063
2.7919459342956543,1.0,1.0,0.02707275755964264,0.028075452284073855
2.811938762664795,1.0,1.0,0.028075452284073855,0.028075452284073855
2.831953525543213,1.0,1.0,0.02707275755964264,0.028075452284073855
2.852034330368042,1.0,1.0,0.028075452284073855,0.028075452284073855
2.871950626373291,1.0,1.0,0.02707275755964264,0.028075452284073855
2.8919639587402344,1.0,1.0,0.028075452284073855,0.028075452284073855
2.9119315147399902,1.0,1.0,0.02707275755964264,0.028075452284073855
2.931950092315674,1.0,1.0,0.02707275755964264,0.028075452284073855
2.9519433975219727,1.0,1.0,0.028075452284073855,0.029078147008505063
2.971923828125,1.0,1.0,0.028075452284073855,0.028075452284073855
2.9919371604919434,1.0,1.0,0.028075452284073855,0.028075452284073855
3.0119380950927734,1.0,1.0,0.028075452284073855,0.029078147008505063
3.031996011734009,1.0,1.0,0.028075452284073855,0.028075452284073855
3.0521039962768555,1.0,1.0,0.026070062835211436,0.026070062835211436
3.0719330310821533,1.0,1.0,0.029078147008505063,0.030080841732936268
3.0919435024261475,1.0,1.0,0.02707275755964264,0.028075452284073855
3.1119186878204346,1.0,1.0,0.028075452284073855,0.028075452284073855
3.1319286823272705,1.0,1.0,0.028075452284073855,0.029078147008505063
3.1520421504974365,1.0,1.0,0.02707275755964264,0.028075452284073855
3.172055959701538,1.0,1.0,0.028075452284073855,0.028075452284073855
3.1920511722564697,1.0,1.0,0.02707275755964264,0.028075452284073855
3.2120301723480225,1.0,1.0,0.028075452284073855,0.028075452284073855
3.232053518295288,1.0,1.0,0.02707275755964264,0.028075452284073855
3.2520368099212646,1.0,1.0,0.028075452284073855,0.028075452284073855
3.272019863128662,1.0,1.0,0.028075452284073855,0.028075452284073855
3.291987419128418,1.0,1.0,0.02707275755964264,0.028075452284073855
3.3119306564331055,1.0,1.0,0.029078147008505063,0.029078147008505063
3.3319361209869385,1.0,1.0,0.028075452284073855,0.02707275755964264
3.352027416229248,1.0,1.0,0.02707275755964264,0.029078147008505063
3.3719475269317627,1.0,1.0,0.028075452284073855,0.028075452284073855
3.39206862449646,1.0,1.0,0.028075452284073855,0.028075452284073855
3.4119462966918945,1.0,1.0,0.02707275755964264,0.029078147008505063
3.4320316314697266,1.0,1.0,0.028075452284073855,0.029078147008505063
3.451953411102295,1.0,1.0,0.028075452284073855,0.028075452284073855
3.4720351696014404,1.0,1.0,0.028075452284073855,0.029078147008505063
3.491976261138916,1.0,1.0,0.028075452284073855,0.028075452284073855
3.511943817138672,1.0,1.0,0.02707275755964264,0.02707275755964264
3.531935691833496,1.0,1.0,0.02707275755964264,0.02707275755964264
3.5519580841064453,1.0,1.0,0.02707275755964264,0.028075452284073855
3.5719571113586426,1.0,1.0,0.02707275755964264,0.028075452284073855
3.5919547080993652,1.0,1.0,0.028075452284073855,0.028075452284073855
3.611940622329712,1.0,1.0,0.028075452284073855,0.029078147008505063
3.631988525390625,1.0,1.0,0.028075452284073855,0.029078147008505063
3.652052879333496,1.0,1.0,0.028075452284073855,0.02707275755964264
3.6719441413879395,1.0,1.0,0.028075452284073855,0.028075452284073855
3.691938877105713,1.0,1.0,0.028075452284073855,0.028075452284073855
3.7119593620300293,1.0,1.0,0.02707275755964264,0.02707275755964264
3.7319653034210205,1.0,1.0,0.02707275755964264,0.028075452284073855
3.7519493103027344,1.0,1.0,0.02707275755964264,0.029078147008505063
3.7719719409942627,1.0,1.0,0.028075452284073855,0.028075452284073855
3.7919301986694336,1.0,1.0,0.02707275755964264,0.029078147008505063
3.811922311782837,1.0,1.0,0.029078147008505063,0.028075452284073855
3.83193302154541,1.0,1.0,0.02707275755964264,0.028075452284073855
3.8519339561462402,1.0,1.0,0.028075452284073855,0.02707275755964264
3.871934413909912,1.0,1.0,0.02707275755964264,0.02707275755964264
3.891989231109619,1.0,1.0,0.028075452284073855,0.028075452284073855
3.9119606018066406,1.0,1.0,0.02707275755964264,0.028075452284073855
3.932074546813965,1.0,1.0,0.028075452284073855,0.029078147008505063
3.9519402980804443,1.0,1.0,0.028075452284073855,0.028075452284073855
3.9719724655151367,1.0,1.0,0.028075452284073855,0.029078147008505063
3.9920737743377686,1.0,1.0,0.02707275755964264,0.028075452284073855
4.011974334716797,1.0,1.0,0.028075452284073855,0.02707275755964264
4.03194522857666,1.0,1.0,0.028075452284073855,0.028075452284073855
4.051945924758911,1.0,1.0,0.028075452284073855,0.028075452284073855
4.071985960006714,1.0,1.0,0.028075452284073855,0.029078147008505063
4.091943025588989,1.0,1.0,0.02707275755964264,0.028075452284073855
4.111956357955933,1.0,1.0,0.028075452284073855,0.029078147008505063
4.131951332092285,1.0,1.0,0.02707275755964264,0.028075452284073855
4.151930093765259,1.0,0.9972450576683463,0.028075452284073855,0.02707275755964264
4.171940803527832,1.0,1.0,0.02707275755964264,0.029078147008505063
4.191980361938477,1.0,1.0,0.028075452284073855,0.028075452284073855
4.21195387840271,1.0,1.0,0.028075452284073855,0.028075452284073855
4.2319655418396,1.0,1.0,0.02707275755964264,0.028075452284073855
4.2520012855529785,1.0,1.0,0.028075452284073855,0.028075452284073855
4.271947383880615,1.0,1.0,0.028075452284073855,0.029078147008505063
4.291961193084717,1.0,1.0,0.02707275755964264,0.02707275755964264
4.311960935592651,1.0,1.0,0.028075452284073855,0.028075452284073855
4.33196496963501,1.0,1.0,0.02707275755964264,0.028075452284073855
4.351922273635864,1.0,1.0,0.028075452284073855,0.029078147008505063
4.371955156326294,1.0,1.0,0.028075452284073855,0.028075452284073855
4.391949653625488,1.0,1.0,0.028075452284073855,0.028075452284073855
4.41194748878479,0.9641879069952183,1.0,0.028075452284073855,0.028075452284073855
4.431957006454468,0.6572597350444002,1.0,0.028075452284073855,0.028075452284073855
4.451962947845459,0.4031768688898464,1.0,0.024064673386349017,0.029078147008505063
4.471949815750122,0.26737061059617656,1.0,0.019051199764192974,0.028075452284073855
4.4919373989105225,0.18350621345448276,1.0,0.014037726142036928,0.028075452284073855
4.511962175369263,0.06683668743006403,1.0,0.012032336693174508,0.028075452284073855
4.531867504119873,-0.00866135312483633,1.0,0.007018863071018464,0.028075452284073855
4.551976203918457,0.0012401193192239442,1.0,0.006016168346587254,0.028075452284073855
4.571944236755371,0.0012401193192239442,1.0,0.0050134736221560455,0.029078147008505063
4.591945171356201,0.0012401193192239442,1.0,0.004010778897724836,0.028075452284073855
4.611951112747192,0.0012401193192239442,1.0,0.004010778897724836,0.028075452284073855
4.6319568157196045,0.0012401193192239442,1.0,0.004010778897724836,0.028075452284073855
4.652016878128052,0.006118318001702055,1.0,0.004010778897724836,0.028075452284073855
4.672002553939819,0.006118318001702055,1.0,0.003008084173293627,0.028075452284073855
4.6920905113220215,0.010949095561217537,1.0,0.004010778897724836,0.028075452284073855
4.711944103240967,0.1297066064962524,1.0,0.003008084173293627,0.02707275755964264
4.731957912445068,0.8552083215017621,1.0,0.004010778897724836,0.02707275755964264
4.752058506011963,1.0,1.0,0.006016168346587254,0.02707275755964264
4.771958112716675,1.0,1.0,0.013035031417605718,0.028075452284073855
4.7919511795043945,1.0,1.0,0.018048505039761763,0.029078147008505063
4.812039136886597,1.0,1.0,0.022059283937486598,0.028075452284073855
4.831932306289673,1.0,1.0,0.022059283937486598,0.028075452284073855
4.852064847946167,1.0,1.0,0.024064673386349017,0.02707275755964264
4.872080087661743,1.0,1.0,0.024064673386349017,0.02707275755964264
4.8919782638549805,1.0,1.0,0.026070062835211436,0.028075452284073855
4.9120306968688965,1.0,1.0,0.026070062835211436,0.028075452284073855
4.932032585144043,1.0,1.0,0.02707275755964264,0.028075452284073855
4.952035903930664,1.0,1.0,0.028075452284073855,0.028075452284073855
4.972019910812378,1.0,1.0,0.02707275755964264,0.028075452284073855
4.991943836212158,1.0,1.0,0.02707275755964264,0.029078147008505063
5.011978626251221,1.0,0.9709487890754545,0.028075452284073855,0.028075452284073855
5.031943321228027,1.0,0.7550697079695388,0.02707275755964264,0.028075452284073855
5.05194878578186,1.0,0.654387280539341,0.028075452284073855,0.026070062835211436
5.072028636932373,1.0,0.6449507496987373,0.02707275755964264,0.02306197866191781
5.091929197311401,1.0,0.6546206375525747,0.028075452284073855,0.022059283937486598
5.11206316947937,1.0,0.6656629007948188,0.028075452284073855,0.02105658921305539
5.132177114486694,1.0,0.6740010162963239,0.028075452284073855,0.020053894488624182
5.151957035064697,1.0,0.7317638246879125,0.028075452284073855,0.02105658921305539
5.17195987701416,1.0,0.8856677483871997,0.028075452284073855,0.022059283937486598
5.191959381103516,1.0,0.9985765717241483,0.02707275755964264,0.02306197866191781
5.211941242218018,1.0,1.0,0.02707275755964264,0.024064673386349017
5.232064247131348,1.0,1.0,0.02707275755964264,0.025067368110780225
5.25197434425354,1.0,1.0,0.02707275755964264,0.025067368110780225
5.27203369140625,1.0,1.0,0.02707275755964264,0.028075452284073855
5.291974306106567,1.0,1.0,0.028075452284073855,0.02707275755964264
5.311942100524902,1.0,1.0,0.028075452284073855,0.028075452284073855
5.3319432735443115,1.0,1.0,0.02707275755964264,0.02707275755964264
5.351970911026001,1.0,1.0,0.02707275755964264,0.028075452284073855
5.371943712234497,1.0,1.0,0.028075452284073855,0.028075452284073855
5.391955852508545,1.0,1.0,0.028075452284073855,0.028075452284073855
5.411963939666748,1.0,1.0,0.02707275755964264,0.028075452284073855
5.43194842338562,1.0,1.0,0.029078147008505063,0.028075452284073855
5.451965808868408,1.0,1.0,0.02707275755964264,0.028075452284073855
5.471951007843018,1.0,1.0,0.026070062835211436,0.02707275755964264
5.492093324661255,1.0,1.0,0.02707275755964264,0.02707275755964264
5.511954307556152,1.0,1.0,0.028075452284073855,0.028075452284073855
5.531944036483765,1.0,1.0,0.02707275755964264,0.028075452284073855
5.552032709121704,1.0,1.0,0.028075452284073855,0.029078147008505063
5.571958780288696,1.0,1.0,0.02707275755964264,0.028075452284073855
5.591944694519043,1.0,1.0,0.028075452284073855,0.02707275755964264
5.611944198608398,1.0,1.0,0.028075452284073855,0.028075452284073855
5.631932973861694,1.0,1.0,0.026070062835211436,0.029078147008505063
5.651939630508423,1.0,1.0,0.02707275755964264,0.028075452284073855
5.67194390296936,1.0,1.0,0.028075452284073855,0.029078147008505063
5.691977024078369,1.0,1.0,0.028075452284073855,0.028075452284073855
5.711951732635498,1.0,1.0,0.02707275755964264,0.028075452284073855
5.731945753097534,1.0,0.9991462960273326,0.028075452284073855,0.028075452284073855
5.751964807510376,1.0,0.9922410589168674,0.028075452284073855,0.028075452284073855
5.77193808555603,1.0,0.9129509382675081,0.028075452284073855,0.028075452284073855
5.791959524154663,1.0,0.8165537838077771,0.02707275755964264,0.028075452284073855
5.811948537826538,1.0,0.7828631223450953,0.028075452284073855,0.026070062835211436
5.831934452056885,1.0,0.771908896961941,0.028075452284073855,0.025067368110780225
5.851955413818359,1.0,0.7664821179546989,0.02707275755964264,0.024064673386349017
5.8719940185546875,1.0,0.761088458950056,0.028075452284073855,0.024064673386349017
5.891941785812378,1.0,0.7664821179546989,0.028075452284073855,0.02306197866191781
5.911973714828491,1.0,0.7883911730983414,0.02707275755964264,0.024064673386349017
5.931943893432617,1.0,0.9066273739276354,0.028075452284073855,0.02306197866191781
5.951955795288086,1.0,0.9991462960273326,0.02707275755964264,0.024064673386349017
5.972029209136963,1.0,1.0,0.02707275755964264,0.026070062835211436
5.991968393325806,1.0,1.0,0.028075452284073855,0.026070062835211436
6.011928558349609,1.0,1.0,0.02707275755964264,0.02707275755964264
6.031940937042236,1.0,1.0,0.02707275755964264,0.02707275755964264
6.051935434341431,1.0,1.0,0.028075452284073855,0.02707275755964264
6.072099447250366,1.0,1.0,0.02707275755964264,0.02707275755964264
6.091953992843628,1.0,1.0,0.028075452284073855,0.028075452284073855
6.1119420528411865,1.0,1.0,0.028075452284073855,0.029078147008505063
6.131960153579712,1.0,1.0,0.028075452284073855,0.028075452284073855
6.152067422866821,1.0,1.0,0.028075452284073855,0.028075452284073855
6.172090530395508,1.0,1.0,0.02707275755964264,0.028075452284073855
6.19214391708374,1.0,1.0,0.028075452284073855,0.028075452284073855
6.212049722671509,1.0,1.0,0.028075452284073855,0.02707275755964264
6.231982707977295,1.0,1.0,0.02707275755964264,0.028075452284073855
6.252080917358398,1.0,1.0,0.028075452284073855,0.029078147008505063
6.272014379501343,1.0,1.0,0.028075452284073855,0.028075452284073855
6.291952133178711,1.0,1.0,0.02707275755964264,0.029078147008505063
6.311952590942383,1.0,1.0,0.028075452284073855,0.028075452284073855
6.331929445266724,1.0,1.0,0.02707275755964264,0.028075452284073855
6.3519446849823,1.0,1.0,0.02707275755964264,0.028075452284073855
6.371960878372192,1.0,1.0,0.028075452284073855,0.029078147008505063
6.392062425613403,1.0,1.0,0.028075452284073855,0.028075452284073855
6.411937475204468,1.0,1.0,0.02707275755964264,0.029078147008505063
6.43197774887085,1.0,1.0,0.02707275755964264,0.028075452284073855
6.451949119567871,0.9922142839877819,1.0,0.028075452284073855,0.028075452284073855
6.472062349319458,0.9583923913892406,1.0,0.02707275755964264,0.028075452284073855
6.492026090621948,0.919291735121682,1.0,0.028075452284073855,0.028075452284073855
6.51196026802063,0.8695232927553227,1.0,0.02707275755964264,0.028075452284073855
6.531931400299072,0.7995289322521857,1.0,0.026070062835211436,0.028075452284073855
6.5519678592681885,0.7610675349194808,1.0,0.026070062835211436,0.029078147008505063
6.572106599807739,0.654953414558819,1.0,0.024064673386349017,0.028075452284073855
6.592076778411865,0.5998671939466833,1.0,0.022059283937486598,0.028075452284073855
6.612060546875,0.582311092449862,1.0,0.02105658921305539,0.028075452284073855
6.6320624351501465,0.5779820981463222,1.0,0.019051199764192974,0.028075452284073855
6.65219259262085,0.5736767263288606,1.0,0.019051199764192974,0.029078147008505063
6.672039031982422,0.5651361115918184,1.0,0.018048505039761763,0.028075452284073855
6.691945552825928,0.5609004584372703,1.0,0.018048505039761763,0.028075452284073855
6.7119529247283936,0.5566876992320267,1.0,0.018048505039761763,0.028075452284073855
6.732044696807861,0.5566876992320267,1.0,0.01704581031533055,0.029078147008505063
6.752013683319092,0.5524975885239671,1.0,0.01704581031533055,0.028075452284073855
6.771930456161499,0.5524975885239671,1.0,0.01704581031533055,0.02707275755964264
6.791944742202759,0.5524975885239671,1.0,0.01704581031533055,0.028075452284073855
6.811958312988281,0.5524975885239671,1.0,0.01704581031533055,0.028075452284073855
6.831948280334473,0.5524975885239671,1.0,0.01704581031533055,0.028075452284073855
6.851972341537476,0.5524975885239671,1.0,0.01704581031533055,0.028075452284073855
6.8719401359558105,0.5524975885239671,1.0,0.016043115590899343,0.02707275755964264
6.89194917678833,0.5524975885239671,1.0,0.01704581031533055,0.028075452284073855
6.911940574645996,0.5524975885239671,1.0,0.016043115590899343,0.028075452284073855
6.931949615478516,0.5524975885239671,1.0,0.01704581031533055,0.02707275755964264
6.9519641399383545,0.5524975885239671,1.0,0.01704581031533055,0.028075452284073855
6.971946954727173,0.5524975885239671,1.0,0.01704581031533055,0.028075452284073855
6.992063283920288,0.5441846754751624,1.0,0.01704581031533055,0.029078147008505063
7.0119922161102295,0.5278231490677701,1.0,0.01704581031533055,0.028075452284073855
7.032037973403931,0.5118046784748552,1.0,0.016043115590899343,0.029078147008505063
7.0520288944244385,0.4883970316995468,1.0,0.01704581031533055,0.02707275755964264
7.072040319442749,0.44731363448751,1.0,0.016043115590899343,0.028075452284073855
7.091936111450195,0.4084507042253522,1.0,0.015040420866468134,0.028075452284073855
7.1120359897613525,0.4084507042253522,1.0,0.014037726142036928,0.028075452284073855
7.131922483444214,0.4084507042253522,1.0,0.013035031417605718,0.02707275755964264
7.152038335800171,0.4084507042253522,1.0,0.013035031417605718,0.029078147008505063
7.171917676925659,0.4084507042253522,1.0,0.013035031417605718,0.028075452284073855
7.191973924636841,0.4084507042253522,1.0,0.014037726142036928,0.028075452284073855
7.21195912361145,0.4084507042253522,1.0,0.013035031417605718,0.028075452284073855
7.231956481933594,0.4084507042253522,1.0,0.013035031417605718,0.028075452284073855
7.252008676528931,0.4084507042253522,1.0,0.013035031417605718,0.028075452284073855
7.27200174331665,0.4084507042253522,1.0,0.013035031417605718,0.028075452284073855
7.292065382003784,0.4084507042253522,1.0,0.012032336693174508,0.028075452284073855
7.311980962753296,0.4084507042253522,1.0,0.013035031417605718,0.028075452284073855
7.331923246383667,0.4084507042253522,1.0,0.013035031417605718,0.028075452284073855
7.351979732513428,0.4084507042253522,1.0,0.013035031417605718,0.029078147008505063
7.371953964233398,0.4084507042253522,1.0,0.013035031417605718,0.028075452284073855
7.3919456005096436,0.4084507042253522,1.0,0.013035031417605718,0.02707275755964264
7.411926984786987,0.4084507042253522,1.0,0.012032336693174508,0.028075452284073855
7.431942462921143,0.4084507042253522,1.0,0.013035031417605718,0.029078147008505063
7.45192551612854,0.4084507042253522,1.0,0.013035031417605718,0.028075452284073855
7.4719460010528564,0.4084507042253522,1.0,0.013035031417605718,0.02707275755964264
7.4919984340667725,0.4084507042253522,1.0,0.013035031417605718,0.028075452284073855
7.512001276016235,0.4084507042253522,1.0,0.013035031417605718,0.028075452284073855
7.531944274902344,0.4084507042253522,1.0,0.012032336693174508,0.028075452284073855
7.552037239074707,0.4084507042253522,1.0,0.013035031417605718,0.028075452284073855
7.57195520401001,0.4084507042253522,1.0,0.013035031417605718,0.028075452284073855
7.5919575691223145,0.4084507042253522,1.0,0.013035031417605718,0.02707275755964264
7.612006187438965,0.4084507042253522,1.0,0.012032336693174508,0.029078147008505063
7.632016181945801,0.4084507042253522,1.0,0.013035031417605718,0.02707275755964264
7.6519505977630615,0.4084507042253522,1.0,0.013035031417605718,0.028075452284073855
7.6720006465911865,0.4084507042253522,1.0,0.013035031417605718,0.029078147008505063
7.691936492919922,0.4084507042253522,1.0,0.013035031417605718,0.028075452284073855
7.711908578872681,0.4084507042253522,1.0,0.013035031417605718,0.028075452284073855
7.731958627700806,0.4084507042253522,1.0,0.013035031417605718,0.028075452284073855
7.751946210861206,0.4084507042253522,1.0,0.012032336693174508,0.028075452284073855
7.772091627120972,0.4084507042253522,1.0,0.013035031417605718,0.028075452284073855
7.791962623596191,0.4084507042253522,1.0,0.013035031417605718,0.029078147008505063
7.81195330619812,0.4084507042253522,1.0,0.013035031417605718,0.028075452284073855
7.832023620605469,0.4084507042253522,1.0,0.013035031417605718,0.02707275755964264
7.851993083953857,0.4084507042253522,1.0,0.013035031417605718,0.028075452284073855
7.871978521347046,0.4084507042253522,1.0,0.012032336693174508,0.028075452284073855
7.892076015472412,0.4084507042253522,1.0,0.013035031417605718,0.028075452284073855
7.912080764770508,0.4084507042253522,1.0,0.013035031417605718,0.028075452284073855
7.931996822357178,0.4084507042253522,1.0,0.013035031417605718,0.028075452284073855
7.951958417892456,0.4084507042253522,1.0,0.013035031417605718,0.028075452284073855
7.972033500671387,0.4084507042253522,1.0,0.013035031417605718,0.02707275755964264
7.991970062255859,0.4084507042253522,1.0,0.013035031417605718,0.028075452284073855
8.011950969696045,0.4084507042253522,1.0,0.012032336693174508,0.028075452284073855
8.031950950622559,0.4084507042253522,1.0,0.013035031417605718,0.028075452284073855
8.051957130432129,0.4084507042253522,1.0,0.013035031417605718,0.028075452284073855
8.071951627731323,0.4084507042253522,1.0,0.013035031417605718,0.029078147008505063
8.09201192855835,0.4084507042253522,1.0,0.013035031417605718,0.028075452284073855
8.111942529678345,0.4084507042253522,1.0,0.012032336693174508,0.028075452284073855
8.131945610046387,0.4084507042253522,1.0,0.013035031417605718,0.028075452284073855
8.151959657669067,0.4084507042253522,1.0,0.013035031417605718,0.028075452284073855
8.171931028366089,0.4084507042253522,1.0,0.013035031417605718,0.02707275755964264
8.191962480545044,0.4084507042253522,1.0,0.013035031417605718,0.028075452284073855
8.211942195892334,0.4084507042253522,1.0,0.012032336693174508,0.028075452284073855
8.231974363327026,0.4084507042253522,1.0,0.013035031417605718,0.028075452284073855
8.251942873001099,0.5779820981463222,1.0,0.012032336693174508,0.028075452284073855
8.271960258483887,1.0,1.0,0.015040420866468134,0.02707275755964264
8.291954040527344,1.0,1.0,0.019051199764192974,0.028075452284073855
8.312010049819946,1.0,1.0,0.022059283937486598,0.028075452284073855
8.332068920135498,1.0,1.0,0.02306197866191781,0.02707275755964264
8.352062463760376,1.0,1.0,0.025067368110780225,0.02707275755964264
8.372017860412598,1.0,1.0,0.025067368110780225,0.028075452284073855
8.391956090927124,1.0,1.0,0.02707275755964264,0.029078147008505063
8.4119393825531,1.0,1.0,0.026070062835211436,0.028075452284073855
8.43203592300415,1.0,1.0,0.026070062835211436,0.029078147008505063
8.451958179473877,1.0,1.0,0.026070062835211436,0.028075452284073855
8.472028255462646,1.0,1.0,0.02707275755964264,0.029078147008505063
8.49194049835205,1.0,1.0,0.02707275755964264,0.029078147008505063
8.51195764541626,1.0,1.0,0.02707275755964264,0.02707275755964264
8.531964540481567,1.0,1.0,0.02707275755964264,0.028075452284073855
8.551957130432129,1.0,1.0,0.02707275755964264,0.028075452284073855
8.572021007537842,1.0,1.0,0.028075452284073855,0.028075452284073855
8.59200668334961,1.0,1.0,0.028075452284073855,0.028075452284073855
8.611939191818237,1.0,1.0,0.02707275755964264,0.028075452284073855
8.63195276260376,1.0,1.0,0.02707275755964264,0.02707275755964264
8.652016639709473,1.0,1.0,0.028075452284073855,0.028075452284073855
8.671956539154053,1.0,1.0,0.028075452284073855,0.028075452284073855
8.691960096359253,1.0,1.0,0.028075452284073855,0.029078147008505063
8.712016344070435,1.0,1.0,0.02707275755964264,0.028075452284073855
8.731921195983887,1.0,1.0,0.028075452284073855,0.029078147008505063
8.751949787139893,1.0,1.0,0.028075452284073855,0.029078147008505063
8.771939992904663,1.0,1.0,0.028075452284073855,0.028075452284073855
8.792048692703247,1.0,1.0,0.02707275755964264,0.028075452284073855
8.811935424804688,1.0,1.0,0.02707275755964264,0.028075452284073855
8.83197569847107,1.0,1.0,0.028075452284073855,0.029078147008505063
8.851975679397583,0.9650645848752306,1.0,0.028075452284073855,0.028075452284073855
8.871970891952515,0.8878810254848505,1.0,0.02707275755964264,0.028075452284073855
8.891977310180664,0.8165315210293955,1.0,0.02707275755964264,0.028075452284073855
8.911953687667847,0.7557068594161079,1.0,0.025067368110780225,0.028075452284073855
8.931951999664307,0.7190768102371466,1.0,0.025067368110780225,0.028075452284073855
8.952032804489136,0.7038419710847978,1.0,0.02306197866191781,0.029078147008505063
8.971993446350098,0.7038419710847978,1.0,0.022059283937486598,0.028075452284073855
8.991952419281006,0.7038419710847978,1.0,0.022059283937486598,0.028075452284073855
9.01194429397583,0.7242158077368016,1.0,0.02105658921305539,0.028075452284073855
9.031943321228027,1.0,1.0,0.022059283937486598,0.028075452284073855
9.05203127861023,1.0,1.0,0.02306197866191781,0.028075452284073855
9.07236647605896,1.0,1.0,0.026070062835211436,0.028075452284073855
9.091974020004272,1.0,1.0,0.025067368110780225,0.028075452284073855
9.111958503723145,1.0,1.0,0.02707275755964264,0.029078147008505063
9.131937026977539,1.0,1.0,0.026070062835211436,0.028075452284073855
9.15195918083191,1.0,1.0,0.028075452284073855,0.028075452284073855
9.171964406967163,1.0,1.0,0.02707275755964264,0.028075452284073855
9.192039966583252,1.0,1.0,0.02707275755964264,0.028075452284073855
9.211947917938232,1.0,1.0,0.02707275755964264,0.029078147008505063
9.231954336166382,1.0,1.0,0.02707275755964264,0.02707275755964264
9.25202465057373,1.0,1.0,0.028075452284073855,0.028075452284073855
9.271957874298096,1.0,1.0,0.028075452284073855,0.029078147008505063
9.29201364517212,1.0,1.0,0.02707275755964264,0.028075452284073855
9.312034845352173,1.0,1.0,0.028075452284073855,0.029078147008505063
9.332006931304932,1.0,1.0,0.02707275755964264,0.028075452284073855
9.35195255279541,1.0,1.0,0.02707275755964264,0.028075452284073855
9.37195611000061,1.0,1.0,0.028075452284073855,0.028075452284073855
9.391994714736938,1.0,1.0,0.02707275755964264,0.028075452284073855
9.411946773529053,1.0,1.0,0.028075452284073855,0.028075452284073855
9.431955099105835,1.0,1.0,0.02707275755964264,0.028075452284073855
9.452036619186401,1.0,1.0,0.028075452284073855,0.029078147008505063
9.47194790840149,1.0,1.0,0.028075452284073855,0.029078147008505063
9.491960287094116,1.0,1.0,0.02707275755964264,0.028075452284073855
9.512070417404175,1.0,1.0,0.028075452284073855,0.02707275755964264
9.531945943832397,1.0,1.0,0.028075452284073855,0.029078147008505063
9.55194902420044,1.0,1.0,0.02707275755964264,0.028075452284073855
9.571950197219849,1.0,1.0,0.02707275755964264,0.028075452284073855
9.591941595077515,1.0,1.0,0.028075452284073855,0.028075452284073855
9.611920595169067,1.0,1.0,0.028075452284073855,0.028075452284073855
9.631938934326172,1.0,1.0,0.02707275755964264,0.029078147008505063
9.651940107345581,1.0,1.0,0.02707275755964264,0.028075452284073855
9.67197847366333,1.0,1.0,0.028075452284073855,0.028075452284073855
9.691964626312256,1.0,1.0,0.02707275755964264,0.028075452284073855
9.712053298950195,0.919291735121682,1.0,0.028075452284073855,0.028075452284073855
9.732015132904053,0.750378701403259,1.0,0.02707275755964264,0.028075452284073855
9.75194239616394,0.5866638726786964,1.0,0.026070062835211436,0.028075452284073855
9.77195119857788,0.49224782034738074,1.0,0.022059283937486598,0.028075452284073855
9.792040586471558,0.45829156039215097,1.0,0.019051199764192974,0.029078147008505063
9.812031745910645,0.44369095461119035,1.0,0.018048505039761763,0.028075452284073855
9.831924438476562,0.44369095461119035,1.0,0.015040420866468134,0.029078147008505063
9.851982831954956,0.45461378560390936,1.0,0.016043115590899343,0.028075452284073855
9.872050285339355,0.535960341492733,1.0,0.015040420866468134,0.029078147008505063
9.891956090927124,0.7293856410528028,1.0,0.015040420866468134,0.028075452284073855
9.911953926086426,1.0,1.0,0.018048505039761763,0.028075452284073855
9.932002544403076,1.0,1.0,0.02306197866191781,0.028075452284073855
9.951978921890259,1.0,1.0,0.024064673386349017,0.028075452284073855
9.97194528579712,1.0,1.0,0.024064673386349017,0.028075452284073855
9.991971731185913,1.0,1.0,0.025067368110780225,0.02707275755964264
10.011922836303711,1.0,1.0,0.026070062835211436,0.028075452284073855
10.031958818435669,1.0,1.0,0.026070062835211436,0.028075452284073855
10.051953554153442,1.0,1.0,0.02707275755964264,0.028075452284073855
10.071934461593628,1.0,1.0,0.02707275755964264,0.028075452284073855
10.09194302558899,1.0,1.0,0.02707275755964264,0.028075452284073855
10.11194920539856,1.0,1.0,0.028075452284073855,0.029078147008505063
10.131949424743652,1.0,1.0,0.028075452284073855,0.028075452284073855
10.152019023895264,1.0,1.0,0.02707275755964264,0.029078147008505063
10.171940326690674,1.0,1.0,0.028075452284073855,0.028075452284073855
10.191951036453247,1.0,1.0,0.02707275755964264,0.029078147008505063
10.211931467056274,1.0,1.0,0.028075452284073855,0.028075452284073855
10.23196268081665,1.0,1.0,0.02707275755964264,0.028075452284073855
10.251974105834961,1.0,1.0,0.028075452284073855,0.029078147008505063
10.271937608718872,1.0,1.0,0.028075452284073855,0.028075452284073855
10.29194712638855,1.0,1.0,0.02707275755964264,0.028075452284073855
10.311978578567505,1.0,1.0,0.028075452284073855,0.029078147008505063
10.33194088935852,1.0,1.0,0.028075452284073855,0.028075452284073855
10.351979494094849,1.0,1.0,0.02707275755964264,0.028075452284073855
10.371979713439941,1.0,1.0,0.028075452284073855,0.028075452284073855
10.392032861709595,1.0,1.0,0.02707275755964264,0.028075452284073855
10.411956787109375,1.0,1.0,0.028075452284073855,0.028075452284073855
10.431946754455566,1.0,1.0,0.028075452284073855,0.029078147008505063
10.45194149017334,1.0,1.0,0.028075452284073855,0.028075452284073855
10.471946477890015,1.0,1.0,0.028075452284073855,0.02707275755964264
10.491942644119263,1.0,1.0,0.02707275755964264,0.029078147008505063
10.51195502281189,1.0,1.0,0.02707275755964264,0.028075452284073855
10.531930923461914,1.0,1.0,0.028075452284073855,0.029078147008505063
10.551942348480225,1.0,1.0,0.02707275755964264,0.028075452284073855
10.57195496559143,1.0,1.0,0.028075452284073855,0.029078147008505063
10.591941356658936,1.0,1.0,0.028075452284073855,0.029078147008505063
10.611946821212769,1.0,1.0,0.028075452284073855,0.028075452284073855
10.631935834884644,1.0,1.0,0.028075452284073855,0.02707275755964264
10.651943922042847,1.0,1.0,0.02707275755964264,0.029078147008505063
10.67195987701416,1.0,1.0,0.028075452284073855,0.028075452284073855
10.69193696975708,1.0,1.0,0.028075452284073855,0.028075452284073855
10.71200180053711,1.0,1.0,0.02707275755964264,0.029078147008505063
10.731937885284424,1.0,1.0,0.028075452284073855,0.028075452284073855
10.751962184906006,1.0,1.0,0.02707275755964264,0.028075452284073855
10.771936416625977,1.0,1.0,0.028075452284073855,0.028075452284073855
10.791932106018066,1.0,1.0,0.028075452284073855,0.028075452284073855
10.811939477920532,1.0,1.0,0.028075452284073855,0.028075452284073855
10.832064151763916,1.0,1.0,0.02707275755964264,0.029078147008505063
10.851949691772461,1.0,1.0,0.028075452284073855,0.028075452284073855
10.871993064880371,1.0,1.0,0.02707275755964264,0.029078147008505063
10.891938924789429,1.0,1.0,0.028075452284073855,0.028075452284073855
10.911944389343262,1.0,1.0,0.028075452284073855,0.028075452284073855
10.931922912597656,1.0,1.0,0.028075452284073855,0.029078147008505063
10.95204758644104,1.0,1.0,0.028075452284073855,0.028075452284073855
10.971943616867065,1.0,1.0,0.02707275755964264,0.029078147008505063
10.9919273853302,1.0,1.0,0.028075452284073855,0.028075452284073855
11.011938095092773,1.0,1.0,0.028075452284073855,0.028075452284073855
11.031923532485962,1.0,1.0,0.028075452284073855,0.028075452284073855
11.051943302154541,1.0,1.0,0.028075452284073855,0.028075452284073855
11.071937799453735,1.0,1.0,0.02707275755964264,0.02707275755964264
11.09194016456604,1.0,1.0,0.028075452284073855,0.029078147008505063
11.11199164390564,1.0,1.0,0.02707275755964264,0.028075452284073855
11.131980419158936,1.0,1.0,0.029078147008505063,0.029078147008505063
11.151983499526978,1.0,1.0,0.028075452284073855,0.028075452284073855
11.171966791152954,1.0,1.0,0.028075452284073855,0.029078147008505063
11.191965341567993,1.0,1.0,0.028075452284073855,0.029078147008505063
11.211946725845337,1.0,1.0,0.028075452284073855,0.028075452284073855
11.23197603225708,1.0,1.0,0.028075452284073855,0.029078147008505063
11.25196123123169,1.0,1.0,0.028075452284073855,0.029078147008505063
11.272000074386597,1.0,1.0,0.028075452284073855,0.029078147008505063
11.291981935501099,1.0,1.0,0.028075452284073855,0.028075452284073855
11.311955451965332,1.0,1.0,0.02707275755964264,0.029078147008505063
11.331998109817505,1.0,1.0,0.028075452284073855,0.02707275755964264
11.351975202560425,1.0,1.0,0.028075452284073855,0.029078147008505063
11.371953010559082,1.0,1.0,0.028075452284073855,0.028075452284073855
11.391967296600342,1.0,1.0,0.028075452284073855,0.028075452284073855
11.411945819854736,1.0,1.0,0.028075452284073855,0.029078147008505063
11.431961297988892,1.0,1.0,0.02707275755964264,0.028075452284073855
11.451940774917603,1.0,1.0,0.028075452284073855,0.028075452284073855
11.472073316574097,1.0,1.0,0.028075452284073855,0.028075452284073855
11.491955995559692,0.9785463026233822,1.0,0.02707275755964264,0.028075452284073855
11.511945724487305,0.881721853430944,1.0,0.028075452284073855,0.028075452284073855
11.531946659088135,0.8108284111354301,1.0,0.02707275755964264,0.029078147008505063
11.551971435546875,0.750378701403259,1.0,0.026070062835211436,0.029078147008505063
11.57196044921875,0.7450828040205111,1.0,0.024064673386349017,0.028075452284073855
11.592015266418457,0.7345865508980921,1.0,0.024064673386349017,0.029078147008505063
11.611974239349365,0.7242158077368016,1.0,0.02306197866191781,0.028075452284073855
11.631993293762207,0.7088901525898305,1.0,0.022059283937486598,0.028075452284073855
11.651960134506226,0.6988235090363186,1.0,0.022059283937486598,0.029078147008505063
11.671972751617432,0.6938345406820635,1.0,0.02105658921305539,0.028075452284073855
11.691943407058716,0.6938345406820635,1.0,0.022059283937486598,0.028075452284073855
11.712008714675903,0.6839439801316961,1.0,0.02105658921305539,0.028075452284073855
11.731977224349976,0.6645053914053753,1.0,0.02105658921305539,0.028075452284073855
11.75194525718689,0.6269441508043248,1.0,0.02105658921305539,0.029078147008505063
11.77192997932434,0.5998671939466833,1.0,0.019051199764192974,0.02707275755964264
11.791950464248657,0.5866638726786964,1.0,0.020053894488624182,0.029078147008505063
11.811933994293213,0.582311092449862,1.0,0.018048505039761763,0.028075452284073855
11.831947326660156,0.582311092449862,1.0,0.018048505039761763,0.028075452284073855
11.851951122283936,0.582311092449862,1.0,0.018048505039761763,0.02707275755964264
11.8719642162323,0.582311092449862,1.0,0.018048505039761763,0.028075452284073855
11.89195466041565,0.582311092449862,1.0,0.018048505039761763,0.029078147008505063
11.911952495574951,0.582311092449862,1.0,0.01704581031533055,0.028075452284073855
11.931958436965942,0.582311092449862,1.0,0.018048505039761763,0.028075452284073855
11.951969861984253,0.582311092449862,1.0,0.018048505039761763,0.02707275755964264
11.971941471099854,0.582311092449862,1.0,0.018048505039761763,0.028075452284073855
11.991953134536743,0.582311092449862,1.0,0.01704581031533055,0.029078147008505063
12.011927843093872,0.582311092449862,1.0,0.01704581031533055,0.028075452284073855
12.031919717788696,0.582311092449862,1.0,0.01704581031533055,0.02707275755964264
12.051962614059448,0.582311092449862,1.0,0.01704581031533055,0.02707275755964264
12.071901798248291,0.582311092449862,1.0,0.01704581031533055,0.028075452284073855
12.091922044754028,0.582311092449862,1.0,0.01704581031533055,0.028075452284073855
12.111999750137329,0.582311092449862,1.0,0.018048505039761763,0.028075452284073855
12.131955623626709,0.582311092449862,1.0,0.018048505039761763,0.029078147008505063
12.151986837387085,0.582311092449862,1.0,0.01704581031533055,0.028075452284073855
12.17193603515625,0.582311092449862,1.0,0.018048505039761763,0.028075452284073855
12.191934823989868,0.582311092449862,1.0,0.018048505039761763,0.02707275755964264
12.211949110031128,0.582311092449862,1.0,0.01704581031533055,0.028075452284073855
12.231969118118286,0.582311092449862,1.0,0.018048505039761763,0.028075452284073855
12.251991510391235,0.582311092449862,1.0,0.018048505039761763,0.029078147008505063
12.271960020065308,0.582311092449862,1.0,0.01704581031533055,0.028075452284073855
12.291939973831177,0.582311092449862,1.0,0.018048505039761763,0.028075452284073855
12.311935424804688,0.582311092449862,1.0,0.018048505039761763,0.028075452284073855
12.33193063735962,0.582311092449862,1.0,0.01704581031533055,0.029078147008505063
12.351994276046753,0.608792135183027,1.0,0.018048505039761763,0.028075452284073855
12.371986627578735,0.6888747889294828,1.0,0.018048505039761763,0.028075452284073855
12.392008781433105,1.0,1.0,0.018048505039761763,0.028075452284073855
12.411959648132324,1.0,1.0,0.022059283937486598,0.028075452284073855
12.431935548782349,1.0,1.0,0.024064673386349017,0.028075452284073855
12.451904535293579,1.0,1.0,0.024064673386349017,0.028075452284073855
12.471935510635376,1.0,1.0,0.026070062835211436,0.02707275755964264
12.491938352584839,1.0,1.0,0.026070062835211436,0.028075452284073855
12.511961460113525,1.0,1.0,0.02707275755964264,0.028075452284073855
12.531945705413818,1.0,1.0,0.02707275755964264,0.029078147008505063
12.55196237564087,1.0,1.0,0.028075452284073855,0.028075452284073855
12.571958541870117,1.0,1.0,0.02707275755964264,0.029078147008505063
12.591955661773682,1.0,1.0,0.028075452284073855,0.028075452284073855
12.611912250518799,1.0,1.0,0.02707275755964264,0.029078147008505063
12.631925106048584,1.0,1.0,0.028075452284073855,0.028075452284073855
12.651951313018799,1.0,1.0,0.02707275755964264,0.029078147008505063
12.67193603515625,0.919291735121682,1.0,0.02707275755964264,0.028075452284073855
12.691946744918823,0.7718877150211445,1.0,0.028075452284073855,0.028075452284073855
12.711935997009277,0.6741682540554229,1.0,0.025067368110780225,0.029078147008505063
12.73192310333252,0.6223678449266457,1.0,0.024064673386349017,0.028075452284073855
12.75195598602295,0.6223678449266457,1.0,0.02105658921305539,0.028075452284073855
12.771947383880615,0.6223678449266457,1.0,0.02105658921305539,0.029078147008505063
12.791963815689087,0.6178172115134464,1.0,0.019051199764192974,0.028075452284073855
12.812007427215576,0.6178172115134464,1.0,0.020053894488624182,0.029078147008505063
12.83193564414978,0.608792135183027,1.0,0.019051199764192974,0.028075452284073855
12.851950407028198,0.608792135183027,1.0,0.019051199764192974,0.028075452284073855
12.871936082839966,0.608792135183027,1.0,0.018048505039761763,0.028075452284073855
12.891955137252808,0.595441738708337,1.0,0.019051199764192974,0.028075452284073855
12.911943912506104,0.5524975885239671,1.0,0.018048505039761763,0.028075452284073855
12.931972742080688,0.5039207597769023,1.0,0.01704581031533055,0.028075452284073855
12.95195722579956,0.4694372950568855,1.0,0.01704581031533055,0.028075452284073855
12.971958875656128,0.44369095461119035,1.0,0.016043115590899343,0.029078147008505063
12.99197506904602,0.41534964869507535,1.0,0.015040420866468134,0.028075452284073855
13.011980533599854,0.4084507042253522,1.0,0.015040420866468134,0.028075452284073855
13.031999588012695,0.4084507042253522,1.0,0.014037726142036928,0.028075452284073855
13.051996231079102,0.4084507042253522,1.0,0.013035031417605718,0.028075452284073855
13.071916341781616,0.4084507042253522,1.0,0.013035031417605718,0.028075452284073855
13.091923236846924,0.4084507042253522,1.0,0.013035031417605718,0.028075452284073855
13.11195683479309,0.4084507042253522,1.0,0.013035031417605718,0.028075452284073855
13.132002592086792,0.4084507042253522,1.0,0.013035031417605718,0.028075452284073855
13.151956558227539,0.4084507042253522,1.0,0.013035031417605718,0.028075452284073855
13.172087669372559,0.4084507042253522,1.0,0.012032336693174508,0.028075452284073855
13.191939353942871,0.4084507042253522,1.0,0.013035031417605718,0.028075452284073855
13.21196722984314,0.4084507042253522,1.0,0.013035031417605718,0.028075452284073855
13.23197340965271,0.4084507042253522,1.0,0.013035031417605718,0.028075452284073855
13.25198221206665,0.4084507042253522,1.0,0.013035031417605718,0.02707275755964264
13.271930932998657,0.4084507042253522,1.0,0.012032336693174508,0.028075452284073855
13.291987419128418,0.4084507042253522,1.0,0.013035031417605718,0.029078147008505063
13.311970949172974,0.44731363448751,1.0,0.013035031417605718,0.028075452284073855
13.331983089447021,0.45095454101282484,1.0,0.013035031417605718,0.029078147008505063
13.351966619491577,0.45095454101282484,1.0,0.014037726142036928,0.028075452284073855
13.371966361999512,0.49224782034738074,1.0,0.014037726142036928,0.028075452284073855
13.391969919204712,0.5866638726786964,1.0,0.014037726142036928,0.028075452284073855
13.411917686462402,0.6988235090363186,1.0,0.016043115590899343,0.029078147008505063
13.43195390701294,0.7190768102371466,1.0,0.018048505039761763,0.028075452284073855
13.45196270942688,0.7038419710847978,1.0,0.018048505039761763,0.028075452284073855
13.472141981124878,0.6269441508043248,1.0,0.018048505039761763,0.028075452284073855
13.491959571838379,0.5157777307294731,1.0,0.019051199764192974,0.02707275755964264
13.51193118095398,0.4084507042253522,1.0,0.01704581031533055,0.028075452284073855
13.531949281692505,0.4084507042253522,1.0,0.015040420866468134,0.028075452284073855
13.55196237564087,0.4084507042253522,1.0,0.014037726142036928,0.028075452284073855
13.571982860565186,0.4084507042253522,1.0,0.014037726142036928,0.029078147008505063
13.591994762420654,0.4084507042253522,1.0,0.013035031417605718,0.028075452284073855
13.611960411071777,0.4084507042253522,1.0,0.014037726142036928,0.028075452284073855
13.63193130493164,0.4084507042253522,1.0,0.013035031417605718,0.028075452284073855
13.651931524276733,0.4084507042253522,1.0,0.013035031417605718,0.028075452284073855
13.671945095062256,0.4084507042253522,1.0,0.013035031417605718,0.029078147008505063
13.691974401473999,0.4084507042253522,1.0,0.013035031417605718,0.028075452284073855
13.711989402770996,0.4084507042253522,1.0,0.013035031417605718,0.028075452284073855
13.731933832168579,0.4084507042253522,1.0,0.013035031417605718,0.028075452284073855
13.751992225646973,0.4084507042253522,1.0,0.013035031417605718,0.028075452284073855
13.77191424369812,0.4084507042253522,1.0,0.013035031417605718,0.028075452284073855
13.791933298110962,0.4084507042253522,1.0,0.012032336693174508,0.028075452284073855
13.811983585357666,0.4084507042253522,1.0,0.013035031417605718,0.028075452284073855
13.831967830657959,0.4084507042253522,1.0,0.013035031417605718,0.028075452284073855
13.851964712142944,0.4084507042253522,1.0,0.013035031417605718,0.028075452284073855
13.871942043304443,0.4084507042253522,1.0,0.013035031417605718,0.028075452284073855
13.891968965530396,0.4084507042253522,1.0,0.012032336693174508,0.02707275755964264
13.911957740783691,0.4084507042253522,1.0,0.013035031417605718,0.028075452284073855
13.931959390640259,0.4084507042253522,1.0,0.013035031417605718,0.028075452284073855
13.952011823654175,0.4084507042253522,1.0,0.013035031417605718,0.028075452284073855
13.971991539001465,0.4084507042253522,1.0,0.013035031417605718,0.028075452284073855
13.991945028305054,0.4084507042253522,1.0,0.013035031417605718,0.02707275755964264
14.011940717697144,0.4084507042253522,1.0,0.012032336693174508,0.028075452284073855
14.031955480575562,0.4084507042253522,1.0,0.013035031417605718,0.028075452284073855
14.0519380569458,0.4084507042253522,1.0,0.013035031417605718,0.029078147008505063
14.07194995880127,0.4084507042253522,1.0,0.013035031417605718,0.028075452284073855
14.091949224472046,0.4364997558979352,1.0,0.013035031417605718,0.029078147008505063
14.111937046051025,1.0,1.0,0.014037726142036928,0.028075452284073855
14.131953954696655,1.0,1.0,0.019051199764192974,0.02707275755964264
14.15195894241333,1.0,1.0,0.022059283937486598,0.028075452284073855
14.17198395729065,1.0,1.0,0.02306197866191781,0.02707275755964264
14.191986560821533,1.0,1.0,0.024064673386349017,0.028075452284073855
14.211922407150269,1.0,1.0,0.025067368110780225,0.028075452284073855
14.231936931610107,1.0,1.0,0.02707275755964264,0.028075452284073855
14.251955270767212,1.0,1.0,0.02707275755964264,0.028075452284073855
14.271906852722168,1.0,1.0,0.02707275755964264,0.02707275755964264
14.291958093643188,1.0,1.0,0.02707275755964264,0.028075452284073855
14.311983346939087,1.0,1.0,0.02707275755964264,0.028075452284073855
14.331977128982544,1.0,1.0,0.02707275755964264,0.029078147008505063
14.351935386657715,1.0,1.0,0.028075452284073855,0.028075452284073855
14.371942281723022,1.0,1.0,0.028075452284073855,0.029078147008505063
14.391963243484497,1.0,1.0,0.02707275755964264,0.028075452284073855
14.411935329437256,1.0,1.0,0.028075452284073855,0.028075452284073855
14.431925058364868,1.0,1.0,0.02707275755964264,0.029078147008505063
14.45193338394165,1.0,1.0,0.028075452284073855,0.028075452284073855
14.471955299377441,1.0,1.0,0.028075452284073855,0.029078147008505063
14.491928339004517,1.0,1.0,0.028075452284073855,0.028075452284073855
14.51193118095398,1.0,1.0,0.028075452284073855,0.028075452284073855
14.531922817230225,1.0,1.0,0.028075452284073855,0.028075452284073855
14.552011728286743,1.0,1.0,0.02707275755964264,0.028075452284073855
14.57194972038269,1.0,1.0,0.028075452284073855,0.028075452284073855
14.591951608657837,1.0,1.0,0.02707275755964264,0.028075452284073855
14.611937046051025,1.0,1.0,0.028075452284073855,0.028075452284073855
14.631937503814697,1.0,1.0,0.028075452284073855,0.029078147008505063
14.651936769485474,1.0,1.0,0.028075452284073855,0.028075452284073855
14.671934843063354,1.0,1.0,0.028075452284073855,0.028075452284073855
14.691943407058716,1.0,1.0,0.028075452284073855,0.028075452284073855
14.71196961402893,1.0,1.0,0.02707275755964264,0.029078147008505063
14.731927394866943,1.0,1.0,0.028075452284073855,0.028075452284073855
14.751956939697266,1.0,1.0,0.028075452284073855,0.028075452284073855
14.771978378295898,1.0,1.0,0.02707275755964264,0.028075452284073855
14.791943788528442,1.0,1.0,0.028075452284073855,0.029078147008505063
14.812012910842896,1.0,1.0,0.028075452284073855,0.028075452284073855
14.83195185661316,1.0,1.0,0.028075452284073855,0.029078147008505063
14.852005004882812,1.0,1.0,0.028075452284073855,0.028075452284073855
14.872009038925171,1.0,1.0,0.028075452284073855,0.028075452284073855
14.891929149627686,1.0,1.0,0.026070062835211436,0.02707275755964264
14.911896705627441,1.0,1.0,0.02707275755964264,0.028075452284073855
14.931997776031494,1.0,1.0,0.02707275755964264,0.02707275755964264
14.952026605606079,1.0,1.0,0.028075452284073855,0.029078147008505063
14.971974611282349,1.0,1.0,0.028075452284073855,0.028075452284073855
14.991935014724731,1.0,1.0,0.029078147008505063,0.028075452284073855
15.011987924575806,1.0,1.0,0.02707275755964264,0.028075452284073855
15.031944036483765,1.0,1.0,0.02707275755964264,0.02707275755964264
15.05197787284851,1.0,1.0,0.026070062835211436,0.028075452284073855
15.071930885314941,1.0,1.0,0.028075452284073855,0.028075452284073855
15.091949701309204,1.0,1.0,0.028075452284073855,0.029078147008505063
15.111942052841187,1.0,1.0,0.028075452284073855,0.028075452284073855
15.131930828094482,1.0,1.0,0.028075452284073855,0.029078147008505063
15.151953935623169,1.0,1.0,0.029078147008505063,0.029078147008505063
15.171952962875366,1.0,1.0,0.028075452284073855,0.029078147008505063
15.191936731338501,1.0,1.0,0.02707275755964264,0.02707275755964264
15.211972713470459,1.0,1.0,0.028075452284073855,0.028075452284073855
15.23195219039917,1.0,1.0,0.028075452284073855,0.028075452284073855
15.251946449279785,1.0,1.0,0.028075452284073855,0.028075452284073855
15.271957159042358,1.0,1.0,0.02707275755964264,0.029078147008505063
15.291937828063965,1.0,1.0,0.028075452284073855,0.028075452284073855
15.311943769454956,1.0,1.0,0.028075452284073855,0.028075452284073855
15.331943988800049,1.0,1.0,0.028075452284073855,0.028075452284073855
15.351944923400879,1.0,1.0,0.02707275755964264,0.02707275755964264
15.371944427490234,1.0,1.0,0.028075452284073855,0.029078147008505063
15.391952753067017,1.0,1.0,0.028075452284073855,0.028075452284073855
15.41191029548645,1.0,1.0,0.02707275755964264,0.029078147008505063
15.431948900222778,1.0,1.0,0.028075452284073855,0.028075452284073855
15.451935529708862,1.0,1.0,0.028075452284073855,0.029078147008505063
15.471942663192749,1.0,1.0,0.028075452284073855,0.02707275755964264
15.491932153701782,1.0,1.0,0.028075452284073855,0.029078147008505063
15.511932373046875,1.0,1.0,0.02707275755964264,0.028075452284073855
15.53193736076355,1.0,1.0,0.028075452284073855,0.029078147008505063
15.551964044570923,1.0,1.0,0.028075452284073855,0.028075452284073855
15.57194709777832,1.0,1.0,0.028075452284073855,0.028075452284073855
15.591935396194458,1.0,1.0,0.028075452284073855,0.028075452284073855
15.611960411071777,1.0,1.0,0.028075452284073855,0.028075452284073855
15.631973505020142,1.0,1.0,0.028075452284073855,0.028075452284073855
15.65194582939148,1.0,1.0,0.028075452284073855,0.029078147008505063
15.671960353851318,1.0,1.0,0.02707275755964264,0.02707275755964264
15.691955089569092,1.0,1.0,0.02707275755964264,0.028075452284073855
15.711951494216919,1.0,1.0,0.028075452284073855,0.028075452284073855
15.731924533843994,1.0,1.0,0.02707275755964264,0.028075452284073855
15.751933097839355,1.0,1.0,0.028075452284073855,0.028075452284073855
15.77198576927185,1.0,1.0,0.028075452284073855,0.029078147008505063
15.791937589645386,1.0,1.0,0.028075452284073855,0.028075452284073855
15.811952590942383,1.0,1.0,0.02707275755964264,0.02707275755964264
15.831973314285278,1.0,1.0,0.02707275755964264,0.02707275755964264
15.851942300796509,1.0,1.0,0.02707275755964264,0.029078147008505063
15.872029304504395,1.0,1.0,0.028075452284073855,0.029078147008505063
15.891977310180664,1.0,1.0,0.028075452284073855,0.028075452284073855
15.911964893341064,1.0,1.0,0.029078147008505063,0.029078147008505063
15.931941270828247,1.0,1.0,0.028075452284073855,0.028075452284073855
15.951948404312134,1.0,1.0,0.028075452284073855,0.028075452284073855
15.971948385238647,1.0,1.0,0.028075452284073855,0.028075452284073855
15.991939544677734,1.0,1.0,0.02707275755964264,0.029078147008505063
16.011993885040283,1.0,1.0,0.028075452284073855,0.028075452284073855
16.031959056854248,1.0,1.0,0.028075452284073855,0.028075452284073855
16.05195903778076,1.0,1.0,0.028075452284073855,0.028075452284073855
16.071946382522583,1.0,1.0,0.028075452284073855,0.029078147008505063
16.091970920562744,1.0,1.0,0.028075452284073855,0.028075452284073855
16.11194086074829,1.0,1.0,0.02707275755964264,0.028075452284073855
16.131938695907593,1.0,1.0,0.028075452284073855,0.029078147008505063
16.151978969573975,1.0,1.0,0.028075452284073855,0.028075452284073855
16.171976327896118,1.0,1.0,0.02707275755964264,0.028075452284073855
16.19194483757019,1.0,1.0,0.028075452284073855,0.029078147008505063
16.21196985244751,1.0,1.0,0.028075452284073855,0.028075452284073855
16.231931686401367,1.0,1.0,0.028075452284073855,0.029078147008505063
16.25193214416504,1.0,1.0,0.028075452284073855,0.028075452284073855
16.271976709365845,1.0,1.0,0.028075452284073855,0.028075452284073855
16.29196262359619,1.0,1.0,0.028075452284073855,0.028075452284073855
16.311936140060425,1.0,1.0,0.028075452284073855,0.028075452284073855
16.331910371780396,1.0,1.0,0.02707275755964264,0.029078147008505063
16.35203766822815,1.0,1.0,0.028075452284073855,0.028075452284073855
16.371946334838867,1.0,1.0,0.028075452284073855,0.028075452284073855
16.39193868637085,1.0,1.0,0.028075452284073855,0.029078147008505063
16.41194796562195,1.0,1.0,0.029078147008505063,0.028075452284073855
16.431951761245728,1.0,1.0,0.02707275755964264,0.028075452284073855
16.451950550079346,1.0,1.0,0.02707275755964264,0.028075452284073855
16.471935987472534,1.0,1.0,0.026070062835211436,0.02707275755964264
16.49196147918701,1.0,1.0,0.02707275755964264,0.029078147008505063
16.511954307556152,1.0,1.0,0.028075452284073855,0.028075452284073855
16.531961917877197,1.0,1.0,0.028075452284073855,0.028075452284073855
16.551973342895508,1.0,1.0,0.028075452284073855,0.029078147008505063
16.571969747543335,1.0,1.0,0.029078147008505063,0.028075452284073855
16.59197497367859,1.0,1.0,0.026070062835211436,0.02707275755964264
16.61193537712097,1.0,1.0,0.02707275755964264,0.02707275755964264
16.631927251815796,1.0,1.0,0.028075452284073855,0.028075452284073855
16.651999950408936,1.0,1.0,0.028075452284073855,0.029078147008505063
16.67196822166443,1.0,1.0,0.028075452284073855,0.028075452284073855
16.69194269180298,1.0,1.0,0.028075452284073855,0.029078147008505063
16.711950540542603,1.0,1.0,0.028075452284073855,0.029078147008505063
16.731886625289917,1.0,1.0,0.028075452284073855,0.028075452284073855
16.751978874206543,1.0,1.0,0.028075452284073855,0.028075452284073855
16.77192258834839,1.0,1.0,0.028075452284073855,0.028075452284073855
16.79196310043335,1.0,1.0,0.02707275755964264,0.028075452284073855
16.81190538406372,1.0,1.0,0.028075452284073855,0.029078147008505063
16.83194613456726,1.0,1.0,0.028075452284073855,0.028075452284073855
16.85193705558777,1.0,1.0,0.028075452284073855,0.029078147008505063
16.87192964553833,1.0,1.0,0.028075452284073855,0.028075452284073855
16.891931295394897,1.0,1.0,0.028075452284073855,0.028075452284073855
16.911975383758545,1.0,1.0,0.02707275755964264,0.029078147008505063
16.93195366859436,1.0,1.0,0.028075452284073855,0.028075452284073855
16.95197558403015,1.0,1.0,0.028075452284073855,0.028075452284073855
16.97198247909546,1.0,1.0,0.028075452284073855,0.028075452284073855
16.99197506904602,1.0,1.0,0.028075452284073855,0.029078147008505063
17.011937379837036,1.0,1.0,0.028075452284073855,0.028075452284073855
17.031973123550415,1.0,1.0,0.028075452284073855,0.028075452284073855
17.05195116996765,1.0,1.0,0.028075452284073855,0.028075452284073855
17.07196807861328,1.0,1.0,0.02707275755964264,0.029078147008505063
17.091983556747437,1.0,1.0,0.028075452284073855,0.028075452284073855
17.111940145492554,0.9922142839877819,1.0,0.028075452284073855,0.028075452284073855
17.131941318511963,0.9717824008168432,1.0,0.028075452284073855,0.028075452284073855
17.151936292648315,0.9517653542003822,1.0,0.028075452284073855,0.029078147008505063
17.17194938659668,0.9451830164391876,1.0,0.028075452284073855,0.028075452284073855
17.191975593566895,0.919291735121682,1.0,0.02707275755964264,0.029078147008505063
17.211979866027832,0.9066028486334483,1.0,0.02707275755964264,0.028075452284073855
17.231962203979492,0.8878810254848505,1.0,0.026070062835211436,0.028075452284073855
17.25195050239563,0.8695232927553227,1.0,0.02707275755964264,0.029078147008505063
17.271944522857666,0.8574818824070708,1.0,0.025067368110780225,0.029078147008505063
17.29193663597107,0.8515191532722245,1.0,0.026070062835211436,0.028075452284073855
17.31194043159485,0.8515191532722245,1.0,0.025067368110780225,0.028075452284073855
17.33196258544922,0.8515191532722245,1.0,0.025067368110780225,0.028075452284073855
17.352032899856567,0.8574818824070708,1.0,0.025067368110780225,0.028075452284073855
17.3719539642334,0.8515191532722245,1.0,0.025067368110780225,0.029078147008505063
17.391945838928223,0.8515191532722245,1.0,0.025067368110780225,0.028075452284073855
17.411943674087524,0.8515191532722245,1.0,0.025067368110780225,0.028075452284073855
17.431963682174683,0.8515191532722245,1.0,0.024064673386349017,0.028075452284073855
17.451963901519775,0.8515191532722245,1.0,0.025067368110780225,0.028075452284073855
17.471937656402588,0.8515191532722245,1.0,0.025067368110780225,0.028075452284073855
17.491916179656982,0.8515191532722245,1.0,0.024064673386349017,0.028075452284073855
17.51193594932556,0.8455945837247523,1.0,0.025067368110780225,0.029078147008505063
17.531967401504517,0.8455945837247523,1.0,0.025067368110780225,0.028075452284073855
17.551976203918457,0.8397078192100655,1.0,0.024064673386349017,0.028075452284073855
17.571945667266846,0.8397078192100655,1.0,0.024064673386349017,0.029078147008505063
17.59197759628296,0.8397078192100655,1.0,0.024064673386349017,0.028075452284073855
17.611932277679443,0.8338584779772383,1.0,0.024064673386349017,0.028075452284073855
17.631951808929443,0.8338584779772383,1.0,0.024064673386349017,0.028075452284073855
17.65194535255432,0.8338584779772383,1.0,0.024064673386349017,0.028075452284073855
17.67195773124695,0.8338584779772383,1.0,0.024064673386349017,0.028075452284073855
17.691937923431396,0.8165315210293955,1.0,0.024064673386349017,0.028075452284073855
17.711979866027832,0.8051609792827363,1.0,0.024064673386349017,0.029078147008505063
17.731974601745605,0.7557068594161079,1.0,0.024064673386349017,0.028075452284073855
17.75197982788086,0.7088901525898305,1.0,0.02306197866191781,0.028075452284073855
17.771958827972412,0.608792135183027,1.0,0.022059283937486598,0.028075452284073855
17.79197931289673,0.5118046784748552,1.0,0.02105658921305539,0.028075452284073855
17.811928033828735,0.42233013453762575,1.0,0.019051199764192974,0.028075452284073855
17.831939697265625,0.4084507042253522,1.0,0.016043115590899343,0.028075452284073855
17.851943492889404,0.4084507042253522,1.0,0.015040420866468134,0.028075452284073855
17.871967554092407,0.4084507042253522,1.0,0.014037726142036928,0.029078147008505063
17.891949892044067,0.4084507042253522,1.0,0.013035031417605718,0.029078147008505063
17.911927461624146,0.4084507042253522,1.0,0.014037726142036928,0.028075452284073855
17.931943655014038,0.4084507042253522,1.0,0.013035031417605718,0.028075452284073855
17.951944828033447,0.4084507042253522,1.0,0.014037726142036928,0.028075452284073855
17.971935749053955,0.4084507042253522,1.0,0.013035031417605718,0.028075452284073855
17.99192976951599,0.4084507042253522,1.0,0.013035031417605718,0.028075452284073855
18.011924743652344,0.4084507042253522,1.0,0.013035031417605718,0.02707275755964264
18.03194570541382,0.4084507042253522,1.0,0.012032336693174508,0.028075452284073855
18.05194878578186,0.4084507042253522,1.0,0.013035031417605718,0.028075452284073855
18.071948528289795,0.4084507042253522,1.0,0.013035031417605718,0.028075452284073855
18.091934204101562,0.4084507042253522,1.0,0.013035031417605718,0.028075452284073855
18.11193537712097,0.4084507042253522,1.0,0.013035031417605718,0.02707275755964264
18.131946086883545,0.4084507042253522,1.0,0.013035031417605718,0.028075452284073855
18.151944637298584,0.4084507042253522,1.0,0.012032336693174508,0.028075452284073855
18.171947479248047,0.4084507042253522,1.0,0.012032336693174508,0.02707275755964264
18.191993713378906,0.4084507042253522,1.0,0.013035031417605718,0.028075452284073855
18.211930751800537,0.4084507042253522,1.0,0.012032336693174508,0.028075452284073855
18.23190999031067,0.4084507042253522,1.0,0.013035031417605718,0.028075452284073855
18.251953601837158,0.4084507042253522,1.0,0.014037726142036928,0.029078147008505063
18.27195906639099,0.4084507042253522,1.0,0.013035031417605718,0.029078147008505063
18.291949033737183,0.4084507042253522,1.0,0.012032336693174508,0.028075452284073855
18.31193733215332,0.4084507042253522,1.0,0.013035031417605718,0.028075452284073855
18.331980228424072,0.4084507042253522,1.0,0.013035031417605718,0.028075452284073855
18.35194969177246,0.4084507042253522,1.0,0.013035031417605718,0.02707275755964264
18.37195134162903,0.4084507042253522,1.0,0.013035031417605718,0.028075452284073855
18.392001390457153,0.4084507042253522,1.0,0.013035031417605718,0.028075452284073855
18.411938428878784,0.4084507042253522,1.0,0.013035031417605718,0.028075452284073855
18.43194818496704,0.4084507042253522,1.0,0.012032336693174508,0.028075452284073855
18.451945781707764,0.4084507042253522,1.0,0.013035031417605718,0.028075452284073855
18.471923351287842,0.4084507042253522,1.0,0.013035031417605718,0.02707275755964264
18.4919376373291,0.4084507042253522,1.0,0.013035031417605718,0.028075452284073855
18.511934518814087,0.4084507042253522,1.0,0.013035031417605718,0.028075452284073855
18.531935691833496,0.4084507042253522,1.0,0.013035031417605718,0.028075452284073855
18.551958322525024,0.4084507042253522,1.0,0.013035031417605718,0.028075452284073855
18.571934938430786,0.4084507042253522,1.0,0.013035031417605718,0.029078147008505063
18.591960191726685,0.4084507042253522,1.0,0.013035031417605718,0.028075452284073855
18.611934661865234,0.4084507042253522,1.0,0.013035031417605718,0.028075452284073855
18.63199210166931,0.4084507042253522,1.0,0.013035031417605718,0.028075452284073855
18.65196394920349,0.4084507042253522,1.0,0.012032336693174508,0.028075452284073855
18.671955108642578,0.4084507042253522,1.0,0.013035031417605718,0.028075452284073855
18.691900491714478,0.4084507042253522,1.0,0.013035031417605718,0.02707275755964264
18.71194887161255,0.4084507042253522,1.0,0.013035031417605718,0.028075452284073855
18.73193645477295,0.4084507042253522,1.0,0.013035031417605718,0.028075452284073855
18.75191020965576,0.4084507042253522,1.0,0.012032336693174508,0.028075452284073855
18.77193331718445,0.4084507042253522,1.0,0.013035031417605718,0.028075452284073855
18.791929483413696,0.4084507042253522,1.0,0.013035031417605718,0.028075452284073855
18.811962127685547,0.4084507042253522,1.0,0.013035031417605718,0.028075452284073855
18.831946849822998,0.7995289322521857,1.0,0.012032336693174508,0.028075452284073855
18.851925134658813,1.0,1.0,0.01704581031533055,0.028075452284073855
18.87191081047058,1.0,1.0,0.020053894488624182,0.02707275755964264
18.89194679260254,1.0,1.0,0.02306197866191781,0.028075452284073855
18.91193151473999,1.0,1.0,0.024064673386349017,0.028075452284073855
18.931950569152832,1.0,1.0,0.024064673386349017,0.028075452284073855
18.951945304870605,1.0,1.0,0.026070062835211436,0.028075452284073855
18.9719340801239,1.0,1.0,0.026070062835211436,0.029078147008505063
18.991981983184814,1.0,1.0,0.02707275755964264,0.028075452284073855
19.011964797973633,1.0,1.0,0.028075452284073855,0.028075452284073855
19.0319402217865,1.0,1.0,0.028075452284073855,0.029078147008505063
19.051941633224487,1.0,1.0,0.028075452284073855,0.028075452284073855
19.07192087173462,1.0,1.0,0.02707275755964264,0.028075452284073855
19.091953992843628,1.0,1.0,0.028075452284073855,0.028075452284073855
19.11192297935486,1.0,1.0,0.02707275755964264,0.028075452284073855
19.131941318511963,1.0,1.0,0.02707275755964264,0.028075452284073855
19.15193796157837,1.0,1.0,0.028075452284073855,0.028075452284073855
19.171946048736572,1.0,1.0,0.028075452284073855,0.028075452284073855
19.191933631896973,1.0,1.0,0.028075452284073855,0.028075452284073855
19.211992263793945,1.0,1.0,0.028075452284073855,0.029078147008505063
19.23198366165161,0.9922142839877819,1.0,0.028075452284073855,0.028075452284073855
19.25196146965027,0.919291735121682,1.0,0.02707275755964264,0.029078147008505063
19.271955013275146,0.822270678106499,1.0,0.026070062835211436,0.028075452284073855
19.291959047317505,0.7450828040205111,1.0,0.026070062835211436,0.028075452284073855
19.311946868896484,0.6741682540554229,1.0,0.024064673386349017,0.028075452284073855
19.331951141357422,0.5866638726786964,1.0,0.02306197866191781,0.02707275755964264
19.35195565223694,0.5278231490677701,1.0,0.02105658921305539,0.029078147008505063
19.371941566467285,0.4961186142594708,1.0,0.018048505039761763,0.028075452284073855
19.391950845718384,0.48075471580744256,1.0,0.018048505039761763,0.029078147008505063
19.411938428878784,0.47696293995117506,1.0,0.016043115590899343,0.029078147008505063
19.431965827941895,0.47696293995117506,1.0,0.016043115590899343,0.028075452284073855
19.451935052871704,0.47696293995117506,1.0,0.016043115590899343,0.029078147008505063
19.471954822540283,0.47696293995117506,1.0,0.015040420866468134,0.028075452284073855
19.491933822631836,0.47696293995117506,1.0,0.015040420866468134,0.02707275755964264
19.51194405555725,0.47696293995117506,1.0,0.015040420866468134,0.028075452284073855
19.53195071220398,0.47696293995117506,1.0,0.015040420866468134,0.028075452284073855
19.55192756652832,0.47696293995117506,1.0,0.014037726142036928,0.028075452284073855
19.571943998336792,0.47696293995117506,1.0,0.014037726142036928,0.028075452284073855
19.59195113182068,0.47696293995117506,1.0,0.014037726142036928,0.028075452284073855
19.61195182800293,0.47696293995117506,1.0,0.015040420866468134,0.028075452284073855
19.63196039199829,0.47696293995117506,1.0,0.015040420866468134,0.028075452284073855
19.65194535255432,0.47696293995117506,1.0,0.014037726142036928,0.028075452284073855
19.67193627357483,0.47696293995117506,1.0,0.015040420866468134,0.029078147008505063
19.691975593566895,0.47696293995117506,1.0,0.015040420866468134,0.028075452284073855
19.711944103240967,0.4883970316995468,1.0,0.015040420866468134,0.028075452284073855
19.731977701187134,0.5157777307294731,1.0,0.014037726142036928,0.028075452284073855
19.751951694488525,1.0,1.0,0.016043115590899343,0.028075452284073855
19.77195167541504,1.0,1.0,0.015040420866468134,0.028075452284073855
19.791951656341553,1.0,1.0,0.020053894488624182,0.028075452284073855
19.812004804611206,1.0,1.0,0.02306197866191781,0.028075452284073855
19.83201503753662,1.0,1.0,0.024064673386349017,0.02707275755964264
19.851999282836914,1.0,1.0,0.024064673386349017,0.028075452284073855
19.871975898742676,1.0,1.0,0.026070062835211436,0.028075452284073855
19.891942739486694,1.0,1.0,0.026070062835211436,0.02707275755964264
19.911978006362915,1.0,1.0,0.026070062835211436,0.028075452284073855
19.931957244873047,1.0,1.0,0.02707275755964264,0.028075452284073855
19.95198154449463,0.9991193346820336,1.0,0.028075452284073855,0.029078147008505063
19.97197937965393,0.919291735121682,1.0,0.028075452284073855,0.028075452284073855
